TestCfg,EncodeMethod,CodecName,EncodePreset,Class,Name,Res,FPS,BitDepth,QP,POC,FrameType,Level,qindex,FrameSize,PSNR_Y,PSNR_U,PSNR_V,SSIM_Y(dB),MS-SSIM_Y(dB),VMAF_Y,VMAF_Y-NEG,PSNR-HVS,CIEDE2000,CAMBI
STILL,aom,av2,0,F1,animals_00.y4m,4032x3024,25,8,60,,48.581999,49.514150,50.875626,50.205999,34.439151,96.976347,96.311967,54.234284,47.758370,0.000000
STILL,aom,av2,0,F1,animals_00.y4m,4032x3024,25,8,85,,42.667618,45.890273,48.315832,44.568223,28.428354,96.224717,95.222171,49.602074,43.306825,0.000018
STILL,aom,av2,0,F1,animals_00.y4m,4032x3024,25,8,110,,36.655066,42.779526,45.924397,38.414432,22.092418,94.239337,92.734950,43.053643,38.723896,0.000406
STILL,aom,av2,0,F1,animals_00.y4m,4032x3024,25,8,135,,32.050226,40.128833,43.629467,32.128958,17.484151,88.141484,86.150789,36.205670,34.900758,0.002961
STILL,aom,av2,0,F1,animals_00.y4m,4032x3024,25,8,160,,28.660561,37.536506,41.435025,25.945667,14.091473,73.183452,71.067588,29.991558,31.879935,0.007186
STILL,aom,av2,0,F1,animals_00.y4m,4032x3024,25,8,185,,25.298832,35.102335,39.268540,19.978443,10.500708,49.374244,47.517207,24.239810,28.829036,0.019755
STILL,aom,av2,0,F1,animals_03.y4m,4032x3024,25,8,60,,48.722868,50.583078,50.943982,46.426565,31.418247,96.589250,95.824799,52.652003,48.058598,0.000008
STILL,aom,av2,0,F1,animals_03.y4m,4032x3024,25,8,85,,42.889876,48.375256,48.736191,40.724316,25.426928,95.295913,94.202712,47.841163,44.171098,0.001828
STILL,aom,av2,0,F1,animals_03.y4m,4032x3024,25,8,110,,37.756688,46.195475,46.726651,34.486001,19.683633,92.263272,90.584867,41.424296,40.467199,0.214047
STILL,aom,av2,0,F1,animals_03.y4m,4032x3024,25,8,135,,34.230072,44.215103,44.796269,28.391851,15.227537,84.106844,82.024480,35.017063,37.620375,1.097131
STILL,aom,av2,0,F1,animals_03.y4m,4032x3024,25,8,160,,31.737062,42.496100,42.807908,23.121843,12.177917,67.069793,64.907264,30.061211,35.374135,1.823662
STILL,aom,av2,0,F1,animals_03.y4m,4032x3024,25,8,185,,29.173989,40.550058,40.517044,17.998905,9.604368,42.762162,41.092780,26.011389,32.913084,1.776188
STILL,aom,av2,0,F1,animals_09.y4m,4032x3024,25,8,60,,51.286197,55.502551,56.090688,43.909355,29.348227,96.430778,95.367054,50.771109,54.110264,0.015411
STILL,aom,av2,0,F1,animals_09.y4m,4032x3024,25,8,85,,47.573524,53.202708,53.890298,38.278234,24.764645,95.128898,93.733346,46.397890,50.036808,0.041039
STILL,aom,av2,0,F1,animals_09.y4m,4032x3024,25,8,110,,43.799232,50.874782,51.861036,32.269841,20.334726,91.749804,89.927652,41.418304,46.519918,0.159007
STILL,aom,av2,0,F1,animals_09.y4m,4032x3024,25,8,135,,40.108026,48.369198,49.591236,26.122751,16.235866,82.485540,80.450731,36.628845,43.138546,0.570315
STILL,aom,av2,0,F1,animals_09.y4m,4032x3024,25,8,160,,37.031769,45.611494,46.721583,20.342873,13.280069,65.246515,63.311094,33.028759,40.210105,0.829948
STILL,aom,av2,0,F1,animals_09.y4m,4032x3024,25,8,185,,34.424842,42.075083,43.543558,15.749986,11.189959,47.662892,45.922136,30.192268,37.466408,1.191526
STILL,aom,av2,0,F1,buildings_02.y4m,4032x3024,25,8,60,,48.817167,52.781735,53.538305,41.517352,29.418651,97.234265,96.615001,50.156259,50.040890,1.074166
STILL,aom,av2,0,F1,buildings_02.y4m,4032x3024,25,8,85,,43.702691,50.600006,51.319656,35.329314,24.491640,96.849396,95.887352,46.443802,46.059830,7.510484
STILL,aom,av2,0,F1,buildings_02.y4m,4032x3024,25,8,110,,39.814135,48.409740,49.232185,31.721029,22.143344,95.374868,93.973040,43.573082,43.205599,11.289843
STILL,aom,av2,0,F1,buildings_02.y4m,4032x3024,25,8,135,,36.115804,46.261367,47.263817,29.198203,20.493220,91.479872,89.346682,40.146943,40.658001,11.029231
STILL,aom,av2,0,F1,buildings_02.y4m,4032x3024,25,8,160,,32.251072,44.045263,45.006891,25.704760,18.166842,82.010551,79.115490,35.158228,37.906670,10.573754
STILL,aom,av2,0,F1,buildings_02.y4m,4032x3024,25,8,185,,28.507194,41.424767,42.472745,21.437617,14.957667,66.142398,62.787649,29.375268,34.948750,8.982342
STILL,aom,av2,0,F1,buildings_03.y4m,4032x3024,25,8,60,,48.326343,50.749678,50.621789,49.369182,37.767093,97.049636,96.340009,55.104925,47.010902,0.002596
STILL,aom,av2,0,F1,buildings_03.y4m,4032x3024,25,8,85,,42.576645,47.918548,47.727825,43.685955,31.775431,96.361240,95.258742,50.787065,42.908598,0.004000
STILL,aom,av2,0,F1,buildings_03.y4m,4032x3024,25,8,110,,36.797788,45.468140,45.088837,37.594858,25.865556,94.445885,92.777886,44.979368,38.721567,0.005676
STILL,aom,av2,0,F1,buildings_03.y4m,4032x3024,25,8,135,,31.603951,43.060199,42.556118,31.574258,20.643257,88.893967,86.744747,37.864811,34.650684,0.012862
STILL,aom,av2,0,F1,buildings_03.y4m,4032x3024,25,8,160,,27.215324,40.633485,40.030302,25.305360,15.806362,74.365964,72.037764,30.132224,30.875640,0.029164
STILL,aom,av2,0,F1,buildings_03.y4m,4032x3024,25,8,185,,23.471499,38.458466,37.762764,19.270972,11.499520,49.132808,47.348387,23.389167,27.425157,0.052723
STILL,aom,av2,0,F1,church.y4m,6000x4000,25,8,60,,51.301686,52.076243,52.133195,44.711368,28.912360,96.393215,95.492030,49.242727,51.781771,0.556256
STILL,aom,av2,0,F1,church.y4m,6000x4000,25,8,85,,47.878736,49.746785,49.907529,38.708037,24.926434,94.828294,93.484451,45.801004,48.580170,1.568570
STILL,aom,av2,0,F1,church.y4m,6000x4000,25,8,110,,45.198152,47.437152,47.928261,33.276429,21.914145,90.883100,89.143857,42.613325,46.166082,2.044961
STILL,aom,av2,0,F1,church.y4m,6000x4000,25,8,135,,42.196647,44.874243,45.742993,27.917186,18.699277,82.443852,80.139981,38.847981,43.632575,2.481386
STILL,aom,av2,0,F1,church.y4m,6000x4000,25,8,160,,38.939054,42.036698,43.303293,22.512826,15.376997,65.555813,63.268743,34.928328,40.884371,3.155257
STILL,aom,av2,0,F1,church.y4m,6000x4000,25,8,185,,35.668195,38.886521,40.586607,17.434751,12.237925,43.166889,41.457355,31.265562,37.933513,4.082770
STILL,aom,av2,0,F1,fireworks_01.y4m,4032x3024,25,8,60,,48.948474,54.871699,53.267581,42.148443,30.217817,96.437554,95.764936,53.253411,52.050735,0.000010
STILL,aom,av2,0,F1,fireworks_01.y4m,4032x3024,25,8,85,,42.883615,52.840153,51.702896,36.303273,24.074636,94.974758,94.013483,48.304675,47.560196,0.000096
STILL,aom,av2,0,F1,fireworks_01.y4m,4032x3024,25,8,110,,36.994777,50.382501,49.851077,29.879056,17.491991,91.751379,90.271565,40.976034,42.783376,0.000880
STILL,aom,av2,0,F1,fireworks_01.y4m,4032x3024,25,8,135,,32.933052,47.615114,47.485953,23.191884,11.265336,82.432107,80.932311,33.649900,39.008747,0.408292
STILL,aom,av2,0,F1,fireworks_01.y4m,4032x3024,25,8,160,,31.465121,44.747159,44.683274,16.829622,8.589846,66.681362,65.291203,30.270246,37.432798,12.296120
STILL,aom,av2,0,F1,fireworks_01.y4m,4032x3024,25,8,185,,30.632657,41.862367,41.248518,14.642371,8.044822,52.894132,51.564622,28.703901,36.254875,14.676540
STILL,aom,av2,0,F1,flowerfield.y4m,3696x2448,25,8,60,,51.246575,51.114971,51.517419,48.131002,32.033244,96.799137,96.015929,52.587748,53.126044,0.002928
STILL,aom,av2,0,F1,flowerfield.y4m,3696x2448,25,8,85,,47.360337,46.887021,47.518406,42.076866,27.502702,95.679801,94.549694,47.657185,48.682858,0.005262
STILL,aom,av2,0,F1,flowerfield.y4m,3696x2448,25,8,110,,43.777675,43.068269,43.951424,36.212507,23.802903,92.925543,91.268941,42.497590,45.169810,0.004599
STILL,aom,av2,0,F1,flowerfield.y4m,3696x2448,25,8,135,,40.157997,39.522560,40.540748,30.260628,20.092429,85.790418,83.676834,37.234050,41.724819,0.009129
STILL,aom,av2,0,F1,flowerfield.y4m,3696x2448,25,8,160,,36.322697,36.004665,37.099908,24.359013,16.364660,70.161436,67.954020,32.265218,38.099646,0.010071
STILL,aom,av2,0,F1,flowerfield.y4m,3696x2448,25,8,185,,32.513113,32.763528,33.591944,18.979950,12.935110,47.051562,45.109179,27.828047,34.524056,0.023632
STILL,aom,av2,0,F1,flowers_08.y4m,4032x3024,25,8,60,,48.501038,49.710823,51.073127,50.400285,33.343550,97.060063,96.425214,53.927545,48.587565,0.009374
STILL,aom,av2,0,F1,flowers_08.y4m,4032x3024,25,8,85,,42.697428,45.528832,47.731695,44.538679,27.360642,96.330199,95.377449,48.958493,43.794669,0.014855
STILL,aom,av2,0,F1,flowers_08.y4m,4032x3024,25,8,110,,37.546132,41.927084,44.459811,38.316714,22.379213,94.391754,92.934103,42.726731,39.568475,0.030599
STILL,aom,av2,0,F1,flowers_08.y4m,4032x3024,25,8,135,,33.148897,38.817784,41.419387,32.221651,18.433527,88.969532,86.772478,36.421917,35.888145,0.048128
STILL,aom,av2,0,F1,flowers_08.y4m,4032x3024,25,8,160,,29.138771,35.698253,38.503184,26.026717,14.415239,74.401064,72.033222,30.079340,32.419900,0.079238
STILL,aom,av2,0,F1,flowers_08.y4m,4032x3024,25,8,185,,25.529970,32.492506,35.548967,20.139253,10.575804,51.369003,49.426549,24.257142,29.108322,0.160069
STILL,aom,av2,0,F1,flowers_12.y4m,4032x3024,25,8,60,,48.536120,51.762360,53.038368,51.455386,33.777172,97.093275,96.552356,54.090213,48.981131,0.000133
STILL,aom,av2,0,F1,flowers_12.y4m,4032x3024,25,8,85,,42.919128,49.195172,50.723871,45.572669,27.896624,96.348560,95.579489,49.217356,44.474320,0.000238
STILL,aom,av2,0,F1,flowers_12.y4m,4032x3024,25,8,110,,38.068170,46.511598,48.150051,39.615574,22.857608,94.930510,93.565956,42.778875,40.428588,0.000666
STILL,aom,av2,0,F1,flowers_12.y4m,4032x3024,25,8,135,,34.277914,43.651506,45.487218,33.449934,18.894852,90.096271,88.186834,36.268975,37.076848,0.016282
STILL,aom,av2,0,F1,flowers_12.y4m,4032x3024,25,8,160,,30.995989,40.847152,42.824146,27.215559,15.212117,77.664758,75.480365,30.317451,34.027947,0.056297
STILL,aom,av2,0,F1,flowers_12.y4m,4032x3024,25,8,185,,27.594717,38.130842,39.968081,21.239084,11.529643,57.906410,55.821703,25.070344,30.866469,0.042464
STILL,aom,av2,0,F1,food_02.y4m,4032x3024,25,8,60,,48.591523,53.182203,54.236661,45.563340,29.964642,97.042906,96.317151,52.338193,50.735904,0.000395
STILL,aom,av2,0,F1,food_02.y4m,4032x3024,25,8,85,,43.263175,50.661287,52.158409,39.420978,23.883670,96.379389,95.303925,47.047615,46.021406,0.004595
STILL,aom,av2,0,F1,food_02.y4m,4032x3024,25,8,110,,39.125999,48.011871,49.927336,32.984804,18.588425,94.270114,92.772741,40.590247,42.304821,0.032227
STILL,aom,av2,0,F1,food_02.y4m,4032x3024,25,8,135,,35.962807,45.238764,47.500575,27.653576,15.259293,87.869773,85.823195,35.538905,39.405336,0.139364
STILL,aom,av2,0,F1,food_02.y4m,4032x3024,25,8,160,,33.326781,42.228146,44.702277,22.461377,12.741319,73.899833,71.561510,31.482161,36.959610,0.313741
STILL,aom,av2,0,F1,food_02.y4m,4032x3024,25,8,185,,30.527415,39.059598,41.675110,17.293157,10.086879,54.637890,52.655218,27.555791,34.313144,1.201904
STILL,aom,av2,0,F1,fountain.y4m,6406x4270,25,8,60,,48.958493,51.985102,52.582438,49.108527,30.248829,96.647657,95.715906,52.123405,51.430421,0.000202
STILL,aom,av2,0,F1,fountain.y4m,6406x4270,25,8,85,,43.482633,49.375074,50.171516,43.326253,24.438437,95.512786,94.194470,47.371420,46.567748,0.000422
STILL,aom,av2,0,F1,fountain.y4m,6406x4270,25,8,110,,38.449546,46.625046,47.513362,37.312618,18.713475,92.413162,90.695745,41.194850,41.985548,0.001317
STILL,aom,av2,0,F1,fountain.y4m,6406x4270,25,8,135,,35.301666,43.693649,44.611246,31.367966,15.220389,84.789368,82.687133,36.181632,38.937499,0.507310
STILL,aom,av2,0,F1,fountain.y4m,6406x4270,25,8,160,,33.397485,40.497016,41.369966,25.979793,13.283475,70.051098,67.715936,32.223004,36.923115,0.601527
STILL,aom,av2,0,F1,fountain.y4m,6406x4270,25,8,185,,30.957962,37.076834,37.983192,20.759137,10.881694,47.785368,45.620524,28.115446,34.460651,0.493340
STILL,aom,av2,0,F1,lady.y4m,4480x6720,25,8,60,,48.903392,55.918258,55.546601,45.648037,27.899097,96.325016,95.519953,50.058911,50.391943,0.169263
STILL,aom,av2,0,F1,lady.y4m,4480x6720,25,8,85,,43.489371,54.027764,53.509057,39.089594,21.784328,95.215701,94.069806,45.174832,45.437804,0.945122
STILL,aom,av2,0,F1,lady.y4m,4480x6720,25,8,110,,40.485959,52.026374,51.372304,33.101123,17.993547,92.323275,90.774967,41.126575,42.572549,5.783509
STILL,aom,av2,0,F1,lady.y4m,4480x6720,25,8,135,,39.140513,49.849208,49.262332,28.661569,16.356874,84.460416,82.687916,38.439256,41.292864,5.858937
STILL,aom,av2,0,F1,lady.y4m,4480x6720,25,8,160,,37.485895,47.570670,46.938493,23.884084,14.498773,69.157866,67.350586,35.508844,39.903270,5.887723
STILL,aom,av2,0,F1,lady.y4m,4480x6720,25,8,185,,35.512906,44.471429,44.020072,18.739952,12.440844,46.768185,45.480113,32.558630,38.012180,5.940627
STILL,aom,av2,0,F1,landscape_05.y4m,4032x3024,25,8,60,,48.707959,50.879810,51.784913,48.164799,32.137123,96.906378,96.261067,53.431123,49.610442,0.000002
STILL,aom,av2,0,F1,landscape_05.y4m,4032x3024,25,8,85,,43.105818,47.613386,48.867806,42.312837,26.265298,96.104012,95.115495,48.432472,44.772744,0.000028
STILL,aom,av2,0,F1,landscape_05.y4m,4032x3024,25,8,110,,37.947398,44.420004,45.814564,36.257107,20.615627,94.058288,92.549155,41.932783,40.309889,0.012367
STILL,aom,av2,0,F1,landscape_05.y4m,4032x3024,25,8,135,,34.104111,41.314578,42.778055,30.490631,16.895034,87.159278,85.353521,35.899283,36.888022,0.052458
STILL,aom,av2,0,F1,landscape_05.y4m,4032x3024,25,8,160,,30.665782,38.325494,39.871402,24.475179,13.542626,71.720886,69.768477,30.292974,33.857257,0.111428
STILL,aom,av2,0,F1,landscape_05.y4m,4032x3024,25,8,185,,27.137978,35.440487,37.070152,18.669013,10.195178,48.602921,47.007834,25.018909,30.777158,0.315550
STILL,aom,av2,0,F1,landscape_15.y4m,4032x3024,25,8,60,,49.382957,53.333136,53.892928,44.091421,30.346483,96.968757,96.214895,51.138473,50.459393,0.990818
STILL,aom,av2,0,F1,landscape_15.y4m,4032x3024,25,8,85,,44.317348,51.124506,51.701035,38.041041,25.366368,96.181212,95.102222,47.135543,46.363063,2.940709
STILL,aom,av2,0,F1,landscape_15.y4m,4032x3024,25,8,110,,39.569574,48.893427,49.624024,33.680514,21.110780,94.145813,92.541137,42.461701,42.730909,3.415439
STILL,aom,av2,0,F1,landscape_15.y4m,4032x3024,25,8,135,,35.573853,46.594737,47.543628,28.987529,17.530348,87.842365,85.878957,37.227386,39.538795,3.364869
STILL,aom,av2,0,F1,landscape_15.y4m,4032x3024,25,8,160,,32.096919,44.071486,45.247019,24.047287,14.262069,73.694792,71.570398,31.852298,36.585337,3.518036
STILL,aom,av2,0,F1,landscape_15.y4m,4032x3024,25,8,185,,28.721552,41.154653,42.436696,19.057492,11.216263,51.927688,50.022922,26.764657,33.572751,3.508867
STILL,aom,av2,0,F1,landscape_16.y4m,4032x3024,25,8,60,,50.555984,56.808289,57.708558,42.529803,29.673447,96.831626,95.977581,51.330376,52.818802,0.000004
STILL,aom,av2,0,F1,landscape_16.y4m,4032x3024,25,8,85,,46.476714,54.681130,55.477281,36.733919,24.802886,96.214401,94.841796,46.797393,48.693956,0.000022
STILL,aom,av2,0,F1,landscape_16.y4m,4032x3024,25,8,110,,42.257051,52.565599,53.409192,30.739021,20.131205,93.712205,91.956104,41.520379,45.044968,0.000195
STILL,aom,av2,0,F1,landscape_16.y4m,4032x3024,25,8,135,,38.235380,50.406638,51.328558,25.430355,16.231990,86.791922,84.683423,36.486796,41.629130,0.021799
STILL,aom,av2,0,F1,landscape_16.y4m,4032x3024,25,8,160,,34.509183,48.170546,49.097402,21.175031,13.120185,70.503127,68.479759,31.849765,38.373936,0.183320
STILL,aom,av2,0,F1,landscape_16.y4m,4032x3024,25,8,185,,31.028388,45.653724,46.444476,16.430831,10.144986,48.235474,46.683606,27.527094,35.290059,0.743002
STILL,aom,av2,0,F1,landscape_18.y4m,4032x3024,25,8,60,,49.433739,54.240713,55.773797,40.642514,29.725391,96.909876,96.126621,50.156811,50.931015,1.181958
STILL,aom,av2,0,F1,landscape_18.y4m,4032x3024,25,8,85,,44.501407,52.222415,54.026122,35.400540,25.625580,95.979372,94.865322,47.276651,47.111876,1.310253
STILL,aom,av2,0,F1,landscape_18.y4m,4032x3024,25,8,110,,39.326098,50.247176,52.251921,31.451769,20.930400,93.444136,91.910924,43.055732,43.286501,1.332994
STILL,aom,av2,0,F1,landscape_18.y4m,4032x3024,25,8,135,,35.804323,48.525872,50.534889,27.323926,16.988047,86.354238,84.369527,37.620259,40.462751,1.356258
STILL,aom,av2,0,F1,landscape_18.y4m,4032x3024,25,8,160,,33.077509,46.620570,48.369234,22.315351,13.872231,70.794199,68.509160,32.806495,38.112881,1.560997
STILL,aom,av2,0,F1,landscape_18.y4m,4032x3024,25,8,185,,30.291908,44.079126,45.780829,17.311643,11.114535,48.747499,46.777320,28.544513,35.521028,1.766911
STILL,aom,av2,0,F1,landscape_25.y4m,4032x3024,25,8,60,,48.743262,49.046623,50.864727,42.370536,31.304546,96.498544,95.600141,53.060389,46.914238,0.005858
STILL,aom,av2,0,F1,landscape_25.y4m,4032x3024,25,8,85,,42.869365,45.712870,48.989114,36.618325,25.266592,94.882739,93.749331,48.446502,42.835601,0.006889
STILL,aom,av2,0,F1,landscape_25.y4m,4032x3024,25,8,110,,36.974168,44.232995,47.727911,30.511549,18.975943,91.452740,89.745876,41.733657,39.318168,0.026694
STILL,aom,av2,0,F1,landscape_25.y4m,4032x3024,25,8,135,,32.197785,42.935157,46.408977,24.237212,12.893674,81.612922,79.535772,34.246979,35.905627,0.556258
STILL,aom,av2,0,F1,landscape_25.y4m,4032x3024,25,8,160,,29.036990,41.570554,44.915311,18.275536,8.027196,62.647106,60.785954,28.244815,33.266164,4.314096
STILL,aom,av2,0,F1,landscape_25.y4m,4032x3024,25,8,185,,27.767407,40.221005,42.956996,14.306001,6.454824,43.948095,42.703778,25.853662,31.986746,7.309625
STILL,aom,av2,0,F1,landscape_26.y4m,4032x3024,25,8,60,,49.032502,53.101549,53.261578,43.342989,29.812416,96.881356,95.960520,50.872373,50.023662,0.521801
STILL,aom,av2,0,F1,landscape_26.y4m,4032x3024,25,8,85,,43.710003,51.369841,51.599266,37.483231,24.656514,95.838059,94.567575,46.970518,45.933916,0.659137
STILL,aom,av2,0,F1,landscape_26.y4m,4032x3024,25,8,110,,38.907950,49.666316,49.981326,32.498399,20.183496,93.080316,91.260914,42.200045,42.227345,0.676858
STILL,aom,av2,0,F1,landscape_26.y4m,4032x3024,25,8,135,,35.511041,47.899231,48.234795,27.436071,16.703950,85.274042,82.922578,37.053130,39.465241,0.708164
STILL,aom,av2,0,F1,landscape_26.y4m,4032x3024,25,8,160,,32.572017,45.796053,46.157864,22.199601,13.519245,68.271864,65.839320,32.120751,36.988490,0.736137
STILL,aom,av2,0,F1,landscape_26.y4m,4032x3024,25,8,185,,29.547639,43.069279,43.787629,16.994794,10.332823,44.700920,42.536639,27.523116,34.286946,0.926520
STILL,aom,av2,0,F1,landscape_28.y4m,4032x3024,25,8,60,,48.847683,51.171733,52.904787,39.779752,29.631007,97.053614,96.440278,51.144701,50.298097,0.409529
STILL,aom,av2,0,F1,landscape_28.y4m,4032x3024,25,8,85,,43.581540,48.216449,50.123681,34.194230,24.044956,96.296280,95.407100,46.812652,46.413033,1.837184
STILL,aom,av2,0,F1,landscape_28.y4m,4032x3024,25,8,110,,39.087117,45.513144,47.439476,30.024457,19.139511,94.482664,93.146159,41.244490,42.948122,5.380474
STILL,aom,av2,0,F1,landscape_28.y4m,4032x3024,25,8,135,,35.311092,42.973072,44.967731,27.077485,16.497868,89.645299,87.471027,36.834227,39.912855,10.071074
STILL,aom,av2,0,F1,landscape_28.y4m,4032x3024,25,8,160,,31.963698,40.615569,42.577890,23.300052,14.368314,76.277942,73.931420,32.083746,37.132211,10.247340
STILL,aom,av2,0,F1,landscape_28.y4m,4032x3024,25,8,185,,28.729438,38.477381,40.238727,18.418747,11.766082,54.798838,52.826214,27.081930,34.303602,7.914347
STILL,aom,av2,0,F1,lodge.y4m,6000x4000,25,8,60,,48.770936,51.201282,51.559709,45.266194,29.994918,96.482090,95.490214,51.371787,49.587845,0.000006
STILL,aom,av2,0,F1,lodge.y4m,6000x4000,25,8,85,,43.670907,47.757134,48.438462,39.505620,24.541185,95.252893,93.781175,46.974687,44.957481,0.015458
STILL,aom,av2,0,F1,lodge.y4m,6000x4000,25,8,110,,39.171086,44.425379,45.502428,34.148909,19.728437,91.562466,89.763868,41.680467,40.984952,0.416263
STILL,aom,av2,0,F1,lodge.y4m,6000x4000,25,8,135,,35.585272,41.295121,42.862615,28.669184,16.414865,82.465995,80.491145,36.429803,37.896011,0.818294
STILL,aom,av2,0,F1,lodge.y4m,6000x4000,25,8,160,,31.846910,38.442779,40.582240,23.122374,12.901422,62.208893,60.409201,30.758503,34.778012,1.091772
STILL,aom,av2,0,F1,lodge.y4m,6000x4000,25,8,185,,28.374820,36.097817,38.610935,17.669106,9.467068,32.932481,31.793908,25.679302,31.841619,1.388830
STILL,aom,av2,0,F1,party.y4m,6720x4480,25,8,60,,48.814133,56.895187,57.161394,45.070494,27.557238,96.772670,96.121095,49.765155,50.751329,0.000020
STILL,aom,av2,0,F1,party.y4m,6720x4480,25,8,85,,43.301973,55.273094,55.567106,38.169892,21.095656,96.443387,95.500173,44.528448,45.424769,0.902078
STILL,aom,av2,0,F1,party.y4m,6720x4480,25,8,110,,41.047309,53.331978,53.679110,31.910951,17.850081,94.875132,93.600352,40.939538,43.160810,7.522333
STILL,aom,av2,0,F1,party.y4m,6720x4480,25,8,135,,40.207673,50.986186,51.418777,27.097606,16.800873,91.008808,89.229589,39.389319,42.266188,9.373580
STILL,aom,av2,0,F1,party.y4m,6720x4480,25,8,160,,39.109123,48.131015,48.483872,23.058250,15.935044,82.808729,80.654861,37.563904,41.211159,10.460096
STILL,aom,av2,0,F1,party.y4m,6720x4480,25,8,185,,37.399081,44.390594,45.130753,19.729552,14.875894,69.364781,66.860533,34.941929,39.512999,9.301442
STILL,aom,av2,0,F1,river.y4m,5184x3456,25,8,60,,48.807946,52.947942,53.782308,46.370089,28.268109,95.799353,94.788384,50.024432,48.418967,0.000122
STILL,aom,av2,0,F1,river.y4m,5184x3456,25,8,85,,44.208620,50.388659,51.751705,39.894440,22.348077,94.006281,92.454183,44.990756,44.574876,0.200886
STILL,aom,av2,0,F1,river.y4m,5184x3456,25,8,110,,42.733454,47.620429,49.842422,34.072868,20.146473,90.377926,88.342004,41.798249,42.873663,0.484975
STILL,aom,av2,0,F1,river.y4m,5184x3456,25,8,135,,40.851455,44.642981,47.888447,28.293935,17.921256,81.834914,79.374124,38.343148,41.009829,0.726983
STILL,aom,av2,0,F1,river.y4m,5184x3456,25,8,160,,38.173325,41.842546,45.992918,22.999910,15.320361,65.124051,62.851705,34.539266,38.735590,1.028628
STILL,aom,av2,0,F1,river.y4m,5184x3456,25,8,185,,35.038255,39.317996,43.972351,18.261584,12.493860,41.631341,39.887297,30.846130,36.219118,1.383350
STILL,aom,av2,0,F1,santa.y4m,5616x3744,25,8,60,,48.922103,53.988002,53.411074,45.389782,27.870408,96.325424,95.429349,49.528186,51.201621,0.410258
STILL,aom,av2,0,F1,santa.y4m,5616x3744,25,8,85,,44.499231,51.895898,51.287964,38.601689,22.321997,94.808438,93.574457,44.885393,47.064169,2.659132
STILL,aom,av2,0,F1,santa.y4m,5616x3744,25,8,110,,43.047151,49.741466,48.874654,34.163739,20.487848,91.041864,89.459576,42.366840,45.392259,3.051643
STILL,aom,av2,0,F1,santa.y4m,5616x3744,25,8,135,,41.348787,47.396492,46.119116,29.191106,18.513207,83.031744,80.893784,39.380955,43.601810,3.116210
STILL,aom,av2,0,F1,santa.y4m,5616x3744,25,8,160,,39.065018,44.538744,42.849560,24.072339,16.130032,67.353151,65.146923,35.950880,41.220025,3.233071
STILL,aom,av2,0,F1,santa.y4m,5616x3744,25,8,185,,36.406421,41.279765,39.332402,19.116102,13.657823,43.389495,41.486838,32.505529,38.363759,3.522425
STILL,aom,av2,0,F1,seafood.y4m,5184x3456,25,8,60,,48.732955,52.457559,52.659309,47.917506,29.834074,96.590292,95.743064,51.653697,49.045748,0.000000
STILL,aom,av2,0,F1,seafood.y4m,5184x3456,25,8,85,,43.130922,49.603754,50.023203,41.394293,23.581812,95.453738,94.174841,46.482725,44.461653,0.182662
STILL,aom,av2,0,F1,seafood.y4m,5184x3456,25,8,110,,39.193655,46.718977,47.403751,35.220309,18.934461,92.115406,90.459399,41.002712,41.052477,1.174291
STILL,aom,av2,0,F1,seafood.y4m,5184x3456,25,8,135,,36.783220,43.871199,44.745661,30.083956,16.746636,84.533021,82.455051,36.814837,38.836287,1.314239
STILL,aom,av2,0,F1,seafood.y4m,5184x3456,25,8,160,,33.954271,40.935753,41.910381,24.709913,14.024306,68.792594,66.468638,32.056291,36.339211,1.510514
STILL,aom,av2,0,F1,seafood.y4m,5184x3456,25,8,185,,30.898645,38.161579,38.996535,19.416630,11.012537,44.492940,42.264500,27.614880,33.566271,1.494243
STILL,aom,av2,0,F1,snow_00.y4m,4032x3024,25,8,60,,48.690539,53.447269,54.041948,43.928501,29.309540,96.831015,96.044070,51.943387,50.497300,0.000000
STILL,aom,av2,0,F1,snow_00.y4m,4032x3024,25,8,85,,42.932017,50.820160,51.627820,37.724733,23.201732,96.155291,94.982927,46.725064,45.803473,0.000042
STILL,aom,av2,0,F1,snow_00.y4m,4032x3024,25,8,110,,37.517083,48.688189,49.636542,31.328771,16.740775,94.265933,92.622869,40.002880,41.470662,0.000697
STILL,aom,av2,0,F1,snow_00.y4m,4032x3024,25,8,135,,34.794841,46.779387,48.130745,26.590019,13.912344,87.267548,85.464324,35.957194,39.144083,0.038242
STILL,aom,av2,0,F1,snow_00.y4m,4032x3024,25,8,160,,32.910713,44.851471,46.496652,22.035844,12.469661,73.096093,71.235958,32.556630,37.504710,0.046359
STILL,aom,av2,0,F1,snow_00.y4m,4032x3024,25,8,185,,30.568243,42.806548,44.045953,17.500812,10.735256,52.668807,51.034450,28.643847,35.587111,0.066251
STILL,aom,av2,0,F1,trees.y4m,4928x3264,25,8,60,,49.069720,52.316835,52.314353,46.843904,31.339777,96.780560,95.984342,52.592459,47.953386,0.000178
STILL,aom,av2,0,F1,trees.y4m,4928x3264,25,8,85,,44.668280,49.386984,49.346248,41.202328,26.334738,95.740112,94.542251,47.878802,44.253075,0.000753
STILL,aom,av2,0,F1,trees.y4m,4928x3264,25,8,110,,40.788822,46.296856,46.489581,35.326665,21.588528,93.029920,91.293065,42.055626,41.015383,0.003284
STILL,aom,av2,0,F1,trees.y4m,4928x3264,25,8,135,,36.967039,43.254596,43.954979,29.012409,16.994262,85.710403,83.502676,36.074699,37.802863,0.021738
STILL,aom,av2,0,F1,trees.y4m,4928x3264,25,8,160,,33.034621,40.517207,42.102780,22.591325,12.754038,68.731485,66.622727,30.585239,34.596517,0.121597
STILL,aom,av2,0,F1,trees.y4m,4928x3264,25,8,185,,29.283867,38.102067,40.104314,16.625139,9.262212,45.050542,43.520797,25.877928,31.558412,0.488009
STILL,aom,av2,0,F1,underwater_01.y4m,4032x3024,25,8,60,,48.636239,50.579929,51.353652,48.164799,31.211941,96.540970,95.652148,53.190060,48.759069,0.001057
STILL,aom,av2,0,F1,underwater_01.y4m,4032x3024,25,8,85,,42.924595,47.932299,48.878449,42.199687,25.203541,94.922107,93.770625,47.772832,44.353277,0.012547
STILL,aom,av2,0,F1,underwater_01.y4m,4032x3024,25,8,110,,38.603513,45.029433,46.227003,35.880314,20.252456,91.271270,89.628003,41.211381,40.694394,0.023795
STILL,aom,av2,0,F1,underwater_01.y4m,4032x3024,25,8,135,,35.926473,41.837167,43.462593,29.882330,16.981976,82.019017,80.005738,35.778863,38.092771,0.045278
STILL,aom,av2,0,F1,underwater_01.y4m,4032x3024,25,8,160,,33.342363,38.403015,40.666735,23.703774,13.691000,62.972557,61.065180,30.939841,35.452031,0.076512
STILL,aom,av2,0,F1,underwater_01.y4m,4032x3024,25,8,185,,30.212914,35.148567,37.895456,17.710423,10.163563,34.878868,33.743641,26.458803,32.505674,0.197264
STILL,aom,av2,0,F2,Adventure_with_the_Windmills.y4m,896x1110,24,8,60,,48.354689,52.343055,53.811141,39.409665,36.535135,96.964491,96.107531,54.246776,47.880221,0.003046
STILL,aom,av2,0,F2,Adventure_with_the_Windmills.y4m,896x1110,24,8,85,,42.807973,51.911589,53.327050,33.505281,30.991424,96.087228,94.863953,51.991254,44.409105,0.002030
STILL,aom,av2,0,F2,Adventure_with_the_Windmills.y4m,896x1110,24,8,110,,36.905874,51.454043,52.660382,27.318478,24.926799,93.815629,92.132350,46.761040,39.933921,0.013755
STILL,aom,av2,0,F2,Adventure_with_the_Windmills.y4m,896x1110,24,8,135,,31.143980,50.677727,51.872512,21.005614,18.866081,87.089263,85.182046,38.317450,34.899409,0.001079
STILL,aom,av2,0,F2,Adventure_with_the_Windmills.y4m,896x1110,24,8,160,,25.488110,48.730771,50.406197,14.973470,13.281130,70.352493,68.205969,29.979742,29.577264,0.000525
STILL,aom,av2,0,F2,Adventure_with_the_Windmills.y4m,896x1110,24,8,185,,20.461829,48.195615,49.903076,9.875500,8.288191,40.193024,38.892905,22.856675,24.588228,0.003811
STILL,aom,av2,0,F2,Agapanthus_Postbloom2.y4m,1208x948,24,8,60,,49.261273,50.309217,50.077508,33.913815,29.750130,96.925554,96.234652,50.011438,48.200517,2.970159
STILL,aom,av2,0,F2,Agapanthus_Postbloom2.y4m,1208x948,24,8,85,,46.674724,47.558994,48.393063,30.478765,27.520113,95.836046,94.816045,47.498784,45.779544,3.492001
STILL,aom,av2,0,F2,Agapanthus_Postbloom2.y4m,1208x948,24,8,110,,43.586601,44.354400,46.504100,26.926283,24.968881,93.590276,92.011101,43.937663,43.155375,3.346559
STILL,aom,av2,0,F2,Agapanthus_Postbloom2.y4m,1208x948,24,8,135,,39.844657,40.783362,44.429072,22.810177,21.683799,87.758309,85.448347,39.115491,40.078283,3.160816
STILL,aom,av2,0,F2,Agapanthus_Postbloom2.y4m,1208x948,24,8,160,,35.844442,37.300523,42.013321,18.533361,17.995700,74.353738,71.842589,33.876457,36.689756,2.605463
STILL,aom,av2,0,F2,Agapanthus_Postbloom2.y4m,1208x948,24,8,185,,31.664261,33.720520,39.950077,14.157976,14.055724,51.894215,49.467879,28.547698,33.086863,1.790337
STILL,aom,av2,0,F2,Baruch.y4m,968x1188,24,8,60,,48.319639,52.486120,53.944964,37.099066,36.646996,96.953060,95.799823,53.742644,47.459961,0.000052
STILL,aom,av2,0,F2,Baruch.y4m,968x1188,24,8,85,,42.873593,52.058413,53.549214,31.577979,31.679376,95.716506,94.236212,51.988177,44.160119,0.000079
STILL,aom,av2,0,F2,Baruch.y4m,968x1188,24,8,110,,37.086385,51.634347,52.974953,25.855822,26.073313,92.922317,90.937777,48.114998,39.929872,0.000076
STILL,aom,av2,0,F2,Baruch.y4m,968x1188,24,8,135,,31.360044,50.646517,51.878263,19.785785,20.002423,84.889713,82.507459,39.703253,35.076423,0.000014
STILL,aom,av2,0,F2,Baruch.y4m,968x1188,24,8,160,,25.679179,49.404367,52.004010,13.758488,13.965890,67.208663,64.599754,30.767722,29.901594,0.000005
STILL,aom,av2,0,F2,Baruch.y4m,968x1188,24,8,185,,20.837760,50.273880,47.449491,8.159318,8.437077,39.656744,37.950216,23.265358,25.189109,0.000042
STILL,aom,av2,0,F2,Berlin-Fernsehturm.y4m,1290x856,24,8,60,,49.759095,51.149323,50.719918,28.935154,28.144555,96.816650,95.940482,48.458174,46.455305,2.389285
STILL,aom,av2,0,F2,Berlin-Fernsehturm.y4m,1290x856,24,8,85,,46.771646,49.687899,48.744665,24.687079,24.703931,95.489210,94.359553,45.798720,44.652238,7.530209
STILL,aom,av2,0,F2,Berlin-Fernsehturm.y4m,1290x856,24,8,110,,43.536894,47.900118,46.640405,21.312317,21.645465,92.312225,90.719389,42.729359,42.909289,8.676662
STILL,aom,av2,0,F2,Berlin-Fernsehturm.y4m,1290x856,24,8,135,,40.065699,45.786547,44.310781,18.168635,18.616615,85.254773,83.006794,38.971224,40.961898,9.209597
STILL,aom,av2,0,F2,Berlin-Fernsehturm.y4m,1290x856,24,8,160,,36.645007,43.222330,41.614193,15.069654,15.632860,70.567985,67.943997,34.938166,38.678624,8.310732
STILL,aom,av2,0,F2,Berlin-Fernsehturm.y4m,1290x856,24,8,185,,33.425363,40.969055,39.528413,11.979861,12.598737,46.782137,45.167544,30.867956,36.358403,8.479229
STILL,aom,av2,0,F2,Big_Easy_chair.y4m,1196x1008,24,8,60,,48.723306,48.317638,48.737997,31.702217,27.541603,96.881513,96.084875,48.453997,47.029882,0.032966
STILL,aom,av2,0,F2,Big_Easy_chair.y4m,1196x1008,24,8,85,,46.071754,46.329140,47.448879,25.894473,23.359482,96.025937,94.865779,44.682210,44.857308,2.454452
STILL,aom,av2,0,F2,Big_Easy_chair.y4m,1196x1008,24,8,110,,44.653719,45.603197,46.742529,22.507382,21.262486,93.898649,92.166471,42.419215,43.853603,4.817919
STILL,aom,av2,0,F2,Big_Easy_chair.y4m,1196x1008,24,8,135,,42.994453,44.520081,45.671233,20.080527,19.554937,88.843098,86.487188,40.229871,42.664413,4.606506
STILL,aom,av2,0,F2,Big_Easy_chair.y4m,1196x1008,24,8,160,,40.781515,42.669566,43.817696,17.628809,17.631248,80.366214,77.397400,37.416030,40.938366,5.234644
STILL,aom,av2,0,F2,Big_Easy_chair.y4m,1196x1008,24,8,185,,37.705561,40.547365,42.008846,14.854522,15.236282,66.027328,61.787522,33.941628,38.754959,4.520472
STILL,aom,av2,0,F2,Butterfly.y4m,1420x918,24,8,60,,48.676012,48.868598,50.339773,31.312982,27.567430,96.884816,96.118551,48.526310,45.604179,2.314168
STILL,aom,av2,0,F2,Butterfly.y4m,1420x918,24,8,85,,44.369095,46.279873,48.217118,26.680556,23.324870,96.001172,94.938824,45.482757,42.983590,11.876485
STILL,aom,av2,0,F2,Butterfly.y4m,1420x918,24,8,110,,41.844075,44.869701,46.543956,23.067892,20.368260,93.271625,91.774021,42.113057,41.510699,11.685208
STILL,aom,av2,0,F2,Butterfly.y4m,1420x918,24,8,135,,40.047027,43.206667,44.578215,20.789456,18.948442,87.429815,85.465599,39.526553,40.274767,11.265445
STILL,aom,av2,0,F2,Butterfly.y4m,1420x918,24,8,160,,37.898003,41.133615,42.196827,18.636969,17.465696,77.366920,74.790564,36.221126,38.854015,11.149964
STILL,aom,av2,0,F2,Butterfly.y4m,1420x918,24,8,185,,35.129539,39.043721,39.862339,15.856071,15.335538,59.791634,57.196852,32.126938,36.922140,8.678121
STILL,aom,av2,0,F2,Cecret_Lake_Panorama.y4m,1586x752,24,8,60,,48.949917,49.331678,49.229079,33.757922,32.519023,96.847402,95.904579,52.712771,46.670046,0.010775
STILL,aom,av2,0,F2,Cecret_Lake_Panorama.y4m,1586x752,24,8,85,,43.606458,44.766150,45.170009,28.657957,27.891555,95.694153,94.442294,48.697323,42.075215,0.029530
STILL,aom,av2,0,F2,Cecret_Lake_Panorama.y4m,1586x752,24,8,110,,37.915329,41.110268,42.405958,23.609689,23.110187,92.526952,91.005058,43.232846,37.911371,0.048148
STILL,aom,av2,0,F2,Cecret_Lake_Panorama.y4m,1586x752,24,8,135,,32.035672,38.741065,40.177542,18.466510,18.102220,84.404986,82.505524,36.623516,33.765105,0.053153
STILL,aom,av2,0,F2,Cecret_Lake_Panorama.y4m,1586x752,24,8,160,,26.849993,36.835337,38.456762,13.197513,12.869333,64.708447,62.899328,29.533601,29.750167,0.122880
STILL,aom,av2,0,F2,Cecret_Lake_Panorama.y4m,1586x752,24,8,185,,23.995135,35.117910,36.583036,8.559289,8.706262,35.046076,33.548822,23.681202,27.200199,0.173313
STILL,aom,av2,0,F2,Claudette.y4m,900x1100,24,8,60,,48.736075,50.250092,50.559974,36.714438,32.411731,96.675892,95.701372,52.904974,45.716567,0.024755
STILL,aom,av2,0,F2,Claudette.y4m,900x1100,24,8,85,,43.151479,48.435948,48.975473,30.772291,26.925664,95.266047,93.938079,48.718344,42.469953,0.090994
STILL,aom,av2,0,F2,Claudette.y4m,900x1100,24,8,110,,37.554917,46.791558,47.497887,24.730483,21.308599,91.105566,89.631220,42.675138,38.745837,0.151034
STILL,aom,av2,0,F2,Claudette.y4m,900x1100,24,8,135,,32.270017,45.084341,45.937774,18.921825,16.289736,81.356630,79.576931,35.767040,34.720348,0.198073
STILL,aom,av2,0,F2,Claudette.y4m,900x1100,24,8,160,,27.450573,42.841720,43.752997,13.624627,11.544735,58.299141,56.757850,29.227870,30.681294,0.301389
STILL,aom,av2,0,F2,Claudette.y4m,900x1100,24,8,185,,24.840697,40.746102,41.999701,9.058211,7.868610,27.851798,26.829768,23.965833,28.075666,0.614159
STILL,aom,av2,0,F2,Collage_Oppeln.y4m,904x1280,24,8,60,,49.122543,49.655357,50.233838,35.885330,31.591883,97.040917,96.239204,51.546362,46.684660,0.026494
STILL,aom,av2,0,F2,Collage_Oppeln.y4m,904x1280,24,8,85,,44.342938,46.383082,47.177309,31.151751,27.521469,96.066236,95.020203,48.104840,43.082388,0.084051
STILL,aom,av2,0,F2,Collage_Oppeln.y4m,904x1280,24,8,110,,39.370800,43.295358,44.169794,26.315114,23.143437,93.644172,92.164429,43.081542,39.621303,0.170553
STILL,aom,av2,0,F2,Collage_Oppeln.y4m,904x1280,24,8,135,,34.667247,40.466791,41.247397,21.345959,18.809954,87.656007,85.559316,37.101367,36.196764,0.183089
STILL,aom,av2,0,F2,Collage_Oppeln.y4m,904x1280,24,8,160,,30.463740,37.846758,38.586331,16.645143,14.746382,73.610807,71.223940,31.125374,33.003715,0.153536
STILL,aom,av2,0,F2,Collage_Oppeln.y4m,904x1280,24,8,185,,26.966580,35.203895,35.947186,12.097896,10.957321,50.788848,48.713451,25.642806,29.962753,0.246371
STILL,aom,av2,0,F2,Corona_Arch.y4m,1272x922,24,8,60,,48.733514,49.015480,49.305685,33.589055,29.562386,96.738462,95.785978,50.663387,50.008812,0.001117
STILL,aom,av2,0,F2,Corona_Arch.y4m,1272x922,24,8,85,,43.436411,46.733328,45.511863,27.128499,23.975433,95.498956,94.224076,46.140646,45.389472,2.298986
STILL,aom,av2,0,F2,Corona_Arch.y4m,1272x922,24,8,110,,38.855577,44.771816,42.304275,23.505281,20.724368,92.361336,90.650713,42.434646,41.874145,5.252136
STILL,aom,av2,0,F2,Corona_Arch.y4m,1272x922,24,8,135,,34.574996,42.583515,39.436214,19.675695,16.930964,83.929255,81.923428,36.820755,38.623084,5.192744
STILL,aom,av2,0,F2,Corona_Arch.y4m,1272x922,24,8,160,,31.234499,40.250858,36.881964,14.968900,13.032978,64.782545,62.980816,31.009172,35.893044,6.121684
STILL,aom,av2,0,F2,Corona_Arch.y4m,1272x922,24,8,185,,28.672275,37.363441,34.370924,10.919788,9.877284,37.070032,35.517609,26.536545,33.568695,6.152242
STILL,aom,av2,0,F2,Correfocs_Festa_Major_del_Clot.y4m,1306x870,24,8,60,,48.774679,50.015517,49.586104,30.441066,28.993739,96.584237,95.565365,50.166708,48.923764,0.428362
STILL,aom,av2,0,F2,Correfocs_Festa_Major_del_Clot.y4m,1306x870,24,8,85,,44.777415,47.459128,46.422946,25.390229,24.675029,94.845308,93.545685,46.278342,45.608023,1.451923
STILL,aom,av2,0,F2,Correfocs_Festa_Major_del_Clot.y4m,1306x870,24,8,110,,41.062035,45.056149,43.241235,21.194175,21.067447,90.589122,88.870925,41.998550,42.736605,1.759416
STILL,aom,av2,0,F2,Correfocs_Festa_Major_del_Clot.y4m,1306x870,24,8,135,,37.072532,42.746735,39.990144,17.059349,17.354646,81.492296,78.971927,37.161199,39.737456,1.777037
STILL,aom,av2,0,F2,Correfocs_Festa_Major_del_Clot.y4m,1306x870,24,8,160,,32.922256,40.395116,36.771846,12.764028,13.385417,62.137605,59.892864,31.983476,36.577873,1.628246
STILL,aom,av2,0,F2,Correfocs_Festa_Major_del_Clot.y4m,1306x870,24,8,185,,29.005924,38.042684,33.328649,8.387940,9.253335,32.319109,30.824709,26.823432,33.322849,2.170176
STILL,aom,av2,0,F2,Crepuscular_rays_at_Sunset_near_Waterberg_Plateau.y4m,1402x934,24,8,60,,48.931948,49.620791,49.548538,34.198312,30.097281,96.028609,94.793657,51.648396,47.244911,0.245758
STILL,aom,av2,0,F2,Crepuscular_rays_at_Sunset_near_Waterberg_Plateau.y4m,1402x934,24,8,85,,44.051333,46.502930,46.181401,28.847123,25.534235,93.618954,92.111236,47.590343,43.379145,0.463748
STILL,aom,av2,0,F2,Crepuscular_rays_at_Sunset_near_Waterberg_Plateau.y4m,1402x934,24,8,110,,38.749978,43.867370,43.418843,23.333943,20.464454,87.974023,86.209544,41.973917,39.671130,0.550986
STILL,aom,av2,0,F2,Crepuscular_rays_at_Sunset_near_Waterberg_Plateau.y4m,1402x934,24,8,135,,33.959703,41.511300,40.991837,17.515776,14.997439,73.913782,71.841144,35.418562,36.141694,0.622056
STILL,aom,av2,0,F2,Crepuscular_rays_at_Sunset_near_Waterberg_Plateau.y4m,1402x934,24,8,160,,31.048175,39.131867,38.637670,12.172260,10.758299,45.258376,43.853762,30.171469,33.516926,0.817000
STILL,aom,av2,0,F2,Crepuscular_rays_at_Sunset_near_Waterberg_Plateau.y4m,1402x934,24,8,185,,29.353497,36.674371,36.385245,8.556520,8.147744,14.656976,14.099634,26.943241,31.558479,1.199494
STILL,aom,av2,0,F2,Esquibien_Jean_Perrot.y4m,818x1228,24,8,60,,48.767040,50.306630,50.333513,32.196681,30.995777,96.899935,96.027058,51.634279,46.696823,0.673940
STILL,aom,av2,0,F2,Esquibien_Jean_Perrot.y4m,818x1228,24,8,85,,43.367016,47.949825,47.715566,26.666116,25.808728,95.896266,94.745118,47.752000,43.158183,0.754691
STILL,aom,av2,0,F2,Esquibien_Jean_Perrot.y4m,818x1228,24,8,110,,37.670421,46.461635,46.086336,21.774840,20.951876,93.224162,91.683843,42.729575,39.441948,0.674938
STILL,aom,av2,0,F2,Esquibien_Jean_Perrot.y4m,818x1228,24,8,135,,32.314062,44.991347,44.703702,15.978460,15.183532,86.250205,84.198033,35.844716,35.366594,0.442773
STILL,aom,av2,0,F2,Esquibien_Jean_Perrot.y4m,818x1228,24,8,160,,29.198330,43.091113,42.639052,11.515406,11.253966,70.387772,68.089234,29.981963,32.658663,0.637125
STILL,aom,av2,0,F2,Esquibien_Jean_Perrot.y4m,818x1228,24,8,185,,27.255679,40.688816,40.524759,9.166186,9.353299,49.020300,46.598485,26.244405,30.823453,0.801046
STILL,aom,av2,0,F2,Florac-Le_Vibron-Source_du_Pecher.y4m,1080x874,24,8,60,,48.775795,48.367072,48.290925,33.911903,32.591802,96.887784,96.086743,53.318785,45.060046,0.027214
STILL,aom,av2,0,F2,Florac-Le_Vibron-Source_du_Pecher.y4m,1080x874,24,8,85,,42.984405,44.079180,44.056296,28.215136,26.999431,95.929562,94.779275,48.577479,40.587583,0.235902
STILL,aom,av2,0,F2,Florac-Le_Vibron-Source_du_Pecher.y4m,1080x874,24,8,110,,37.178457,41.216518,41.606657,22.160516,21.115017,93.244754,91.706218,42.391865,37.020318,0.403117
STILL,aom,av2,0,F2,Florac-Le_Vibron-Source_du_Pecher.y4m,1080x874,24,8,135,,32.142950,39.232999,39.776499,16.769883,16.169316,85.778724,83.685807,35.739046,33.631373,0.610579
STILL,aom,av2,0,F2,Florac-Le_Vibron-Source_du_Pecher.y4m,1080x874,24,8,160,,27.789786,37.349503,38.080769,11.651784,11.599087,68.591339,66.634027,29.297026,30.400955,0.753240
STILL,aom,av2,0,F2,Florac-Le_Vibron-Source_du_Pecher.y4m,1080x874,24,8,185,,24.678741,35.353363,36.215657,7.616252,8.008092,42.775749,41.139627,24.137970,27.919504,0.935288
STILL,aom,av2,0,F2,Fontaine_Place_Stanislas.y4m,1390x820,24,8,60,,49.222278,48.988244,50.428604,30.866383,29.840837,96.906704,96.114040,50.314500,45.793210,6.077692
STILL,aom,av2,0,F2,Fontaine_Place_Stanislas.y4m,1390x820,24,8,85,,44.699202,45.993513,47.810489,26.865988,25.997238,95.862192,94.691063,47.336354,42.939019,6.697952
STILL,aom,av2,0,F2,Fontaine_Place_Stanislas.y4m,1390x820,24,8,110,,40.100228,43.062419,45.546904,22.189090,21.802144,92.769411,91.324146,42.711827,40.165196,6.820492
STILL,aom,av2,0,F2,Fontaine_Place_Stanislas.y4m,1390x820,24,8,135,,35.529718,40.540479,43.677775,17.782107,17.877224,85.754454,83.678524,37.487932,37.321314,7.109627
STILL,aom,av2,0,F2,Fontaine_Place_Stanislas.y4m,1390x820,24,8,160,,31.039633,38.296105,41.699770,14.098446,14.385699,69.581124,67.372483,32.063731,34.394577,7.389899
STILL,aom,av2,0,F2,Fontaine_Place_Stanislas.y4m,1390x820,24,8,185,,27.515341,36.007542,39.611298,10.443898,10.938084,43.785584,42.114970,26.639777,31.609389,6.297105
STILL,aom,av2,0,F2,Genmaicha_Tea.y4m,1260x840,24,8,60,,50.352411,51.870187,51.623662,31.213952,30.576861,97.026290,96.250397,48.284693,49.410384,0.000345
STILL,aom,av2,0,F2,Genmaicha_Tea.y4m,1260x840,24,8,85,,47.714099,50.071364,49.800866,29.242331,28.844383,96.172449,95.120746,47.185824,47.713053,0.001723
STILL,aom,av2,0,F2,Genmaicha_Tea.y4m,1260x840,24,8,110,,44.043078,48.042003,47.838132,26.804038,26.662166,94.073952,92.642555,45.359376,45.838470,0.002937
STILL,aom,av2,0,F2,Genmaicha_Tea.y4m,1260x840,24,8,135,,39.705475,45.978684,45.423760,23.925240,23.886857,89.404210,87.302800,41.648377,43.571828,0.000860
STILL,aom,av2,0,F2,Genmaicha_Tea.y4m,1260x840,24,8,160,,35.454037,43.863319,42.714705,20.275993,20.400908,77.662245,75.566483,36.093212,40.869024,0.001215
STILL,aom,av2,0,F2,Genmaicha_Tea.y4m,1260x840,24,8,185,,31.753377,41.532130,39.975533,16.667954,16.810313,57.534925,55.082135,30.494912,37.756001,0.002742
STILL,aom,av2,0,F2,Homestead_in_Montana.y4m,1326x826,24,8,60,,49.097391,49.688358,50.146621,31.318239,29.980616,96.740933,95.745981,50.818020,48.815778,0.294720
STILL,aom,av2,0,F2,Homestead_in_Montana.y4m,1326x826,24,8,85,,45.581379,46.624482,46.659436,28.041041,27.072146,95.562817,94.177931,47.984395,45.662666,0.520023
STILL,aom,av2,0,F2,Homestead_in_Montana.y4m,1326x826,24,8,110,,41.674121,43.605809,43.185230,23.953647,23.480859,92.736969,90.805616,43.250624,42.563361,0.591396
STILL,aom,av2,0,F2,Homestead_in_Montana.y4m,1326x826,24,8,135,,37.661509,40.380783,39.747997,19.441529,19.493784,85.127234,82.748944,37.373161,39.345015,0.487403
STILL,aom,av2,0,F2,Homestead_in_Montana.y4m,1326x826,24,8,160,,33.797579,37.505232,36.647582,14.840241,15.381271,67.596629,65.293222,31.684027,36.169615,0.600289
STILL,aom,av2,0,F2,Homestead_in_Montana.y4m,1326x826,24,8,185,,30.221028,34.873172,33.612896,10.657935,11.475128,41.157165,39.492937,26.747768,33.051969,0.739516
STILL,aom,av2,0,F2,Madeira_151_Funchal_Mercado_dos_Lavradores.y4m,1228x816,24,8,60,,48.744397,48.603851,48.666312,34.799577,32.196951,96.886917,96.135637,53.609792,47.564225,0.355068
STILL,aom,av2,0,F2,Madeira_151_Funchal_Mercado_dos_Lavradores.y4m,1228x816,24,8,85,,43.868229,44.605474,45.017653,29.190891,27.199501,95.819639,94.726874,48.681728,43.341384,0.358404
STILL,aom,av2,0,F2,Madeira_151_Funchal_Mercado_dos_Lavradores.y4m,1228x816,24,8,110,,39.507604,40.865832,41.699102,23.862864,22.579385,93.077182,91.585129,42.317973,39.643163,0.377255
STILL,aom,av2,0,F2,Madeira_151_Funchal_Mercado_dos_Lavradores.y4m,1228x816,24,8,135,,35.457544,37.455041,38.549815,18.782769,18.210605,86.095875,84.069706,35.827204,36.179445,0.442796
STILL,aom,av2,0,F2,Madeira_151_Funchal_Mercado_dos_Lavradores.y4m,1228x816,24,8,160,,31.715012,34.306375,35.431804,14.059254,14.201274,69.999599,67.807406,29.938641,32.940894,0.702276
STILL,aom,av2,0,F2,Madeira_151_Funchal_Mercado_dos_Lavradores.y4m,1228x816,24,8,185,,28.230937,31.315896,32.514847,9.911256,10.546788,43.862487,42.377552,24.999479,29.845312,0.758194
STILL,aom,av2,0,F2,Madeira_159_Funchal_Mercado_dos_Lavradores.y4m,1228x816,24,8,60,,48.751941,48.655755,48.442120,36.114067,33.906617,97.094623,96.388467,53.953002,45.592414,0.006690
STILL,aom,av2,0,F2,Madeira_159_Funchal_Mercado_dos_Lavradores.y4m,1228x816,24,8,85,,43.162804,44.522426,43.904091,30.510675,28.521362,96.283933,95.248110,49.421982,41.253374,0.053659
STILL,aom,av2,0,F2,Madeira_159_Funchal_Mercado_dos_Lavradores.y4m,1228x816,24,8,110,,37.490236,40.697013,40.140981,24.575121,22.832402,93.949541,92.535612,43.050023,37.169594,0.077385
STILL,aom,av2,0,F2,Madeira_159_Funchal_Mercado_dos_Lavradores.y4m,1228x816,24,8,135,,32.472258,37.156892,37.083526,19.002749,17.820316,87.693291,85.849746,36.175320,33.399809,0.218322
STILL,aom,av2,0,F2,Madeira_159_Funchal_Mercado_dos_Lavradores.y4m,1228x816,24,8,160,,28.207344,34.070418,34.231896,14.648761,14.079742,73.814454,71.426591,30.005649,30.069282,0.363002
STILL,aom,av2,0,F2,Madeira_159_Funchal_Mercado_dos_Lavradores.y4m,1228x816,24,8,185,,24.786610,31.594514,31.788496,10.701167,10.652547,50.930373,48.965461,24.322050,27.177159,0.222408
STILL,aom,av2,0,F2,MagicKindom.y4m,1000x1000,24,8,60,,48.697704,48.104150,48.210449,38.614841,34.408841,96.915302,96.092447,54.611038,47.928609,0.000006
STILL,aom,av2,0,F2,MagicKindom.y4m,1000x1000,24,8,85,,42.703486,43.664432,43.553262,32.560502,28.299848,95.909675,94.746166,49.377276,42.632699,0.000033
STILL,aom,av2,0,F2,MagicKindom.y4m,1000x1000,24,8,110,,36.868042,41.071958,40.858326,25.874103,22.349708,92.959973,91.462727,42.899317,38.163062,0.659529
STILL,aom,av2,0,F2,MagicKindom.y4m,1000x1000,24,8,135,,31.347917,39.085297,38.677670,20.493212,17.382285,85.519786,83.582189,36.115192,33.805663,0.901458
STILL,aom,av2,0,F2,MagicKindom.y4m,1000x1000,24,8,160,,26.865832,37.139367,36.835230,15.327142,12.531284,68.526115,66.340668,29.147740,30.057714,0.730253
STILL,aom,av2,0,F2,MagicKindom.y4m,1000x1000,24,8,185,,23.771539,34.942862,35.380683,10.105426,8.347856,40.325917,38.868494,23.119158,27.198346,0.917922
STILL,aom,av2,0,F2,Michigan_Stadium.y4m,1400x934,24,8,60,,48.728448,48.947648,49.203798,37.903107,33.069148,97.056199,96.332275,53.278599,47.195870,0.044946
STILL,aom,av2,0,F2,Michigan_Stadium.y4m,1400x934,24,8,85,,43.533986,44.159803,44.499218,33.040228,28.931522,96.229763,95.176990,49.453264,42.473371,0.063164
STILL,aom,av2,0,F2,Michigan_Stadium.y4m,1400x934,24,8,110,,38.216148,39.023853,39.849607,28.012283,24.807018,94.063958,92.551297,44.022650,37.910112,0.150612
STILL,aom,av2,0,F2,Michigan_Stadium.y4m,1400x934,24,8,135,,32.738980,34.089933,36.369897,22.806767,20.440262,88.165403,86.114747,37.455396,33.574297,0.130980
STILL,aom,av2,0,F2,Michigan_Stadium.y4m,1400x934,24,8,160,,27.206985,30.494808,33.920376,17.637394,15.859150,73.293264,70.998175,30.407297,29.467530,0.147425
STILL,aom,av2,0,F2,Michigan_Stadium.y4m,1400x934,24,8,185,,22.745156,28.231734,32.055152,12.313926,10.866173,46.236711,44.553629,23.535188,25.929620,0.251540
STILL,aom,av2,0,F2,OperaLamps.y4m,1296x864,24,8,60,,48.922016,48.665990,48.706523,35.887338,33.742725,96.856483,96.041493,54.019844,45.552379,0.724261
STILL,aom,av2,0,F2,OperaLamps.y4m,1296x864,24,8,85,,43.940632,43.693840,44.080863,30.934863,29.280530,95.700189,94.543156,49.815583,40.894029,1.158264
STILL,aom,av2,0,F2,OperaLamps.y4m,1296x864,24,8,110,,39.022360,39.217912,40.005417,25.713433,24.557309,92.713292,91.130256,43.463428,36.815268,1.129842
STILL,aom,av2,0,F2,OperaLamps.y4m,1296x864,24,8,135,,34.189570,35.451820,36.652701,20.365144,19.683265,85.073747,83.068234,36.240306,33.130668,1.022373
STILL,aom,av2,0,F2,OperaLamps.y4m,1296x864,24,8,160,,29.793324,32.438865,34.028472,15.174726,14.924802,68.042259,65.919317,29.520038,29.855611,0.799572
STILL,aom,av2,0,F2,OperaLamps.y4m,1296x864,24,8,185,,25.866343,29.921944,32.085668,9.988702,10.247657,38.991286,37.608218,23.619281,26.761405,0.834692
STILL,aom,av2,0,F2,Orion_Nebula.y4m,1200x840,24,8,60,,48.806655,49.947942,50.492039,30.047950,28.253459,96.043900,94.798711,50.188916,47.668890,0.000093
STILL,aom,av2,0,F2,Orion_Nebula.y4m,1200x840,24,8,85,,45.232718,47.731016,48.049874,24.143395,23.298376,93.914008,92.439938,45.379703,44.768523,0.008632
STILL,aom,av2,0,F2,Orion_Nebula.y4m,1200x840,24,8,110,,42.506458,45.632756,45.649251,19.185545,19.396086,88.688185,86.734662,40.595706,42.455147,0.087791
STILL,aom,av2,0,F2,Orion_Nebula.y4m,1200x840,24,8,135,,39.867158,43.615534,43.206775,15.217219,16.056053,75.588630,73.356361,36.519773,40.223962,0.391101
STILL,aom,av2,0,F2,Orion_Nebula.y4m,1200x840,24,8,160,,37.189679,41.491589,40.613880,12.018772,13.136734,53.009634,51.223779,33.159757,37.891966,0.923899
STILL,aom,av2,0,F2,Orion_Nebula.y4m,1200x840,24,8,185,,34.484124,39.380265,38.347453,9.516047,10.605055,25.278424,24.648527,30.166358,35.563613,1.840902
STILL,aom,av2,0,F2,Saint_Catherine-Caravaggio.y4m,876x1140,24,8,60,,48.866927,49.749691,50.229030,31.135919,29.623624,96.977839,96.298913,51.039327,46.434942,0.000010
STILL,aom,av2,0,F2,Saint_Catherine-Caravaggio.y4m,876x1140,24,8,85,,42.679219,47.938088,48.081215,24.198856,22.959158,96.090969,95.067638,45.803246,43.226606,1.860498
STILL,aom,av2,0,F2,Saint_Catherine-Caravaggio.y4m,876x1140,24,8,110,,38.393893,46.217499,45.985659,19.241179,18.449717,93.769372,92.221596,40.709233,40.445701,4.263825
STILL,aom,av2,0,F2,Saint_Catherine-Caravaggio.y4m,876x1140,24,8,135,,35.654839,44.207570,43.791497,15.812100,15.603073,86.652336,84.707004,36.431611,38.361865,5.890400
STILL,aom,av2,0,F2,Saint_Catherine-Caravaggio.y4m,876x1140,24,8,160,,33.187732,41.802366,41.220140,12.953005,13.257389,72.027676,70.089038,32.454599,36.288087,6.628365
STILL,aom,av2,0,F2,Saint_Catherine-Caravaggio.y4m,876x1140,24,8,185,,30.457832,39.053993,38.513991,10.346934,10.971219,52.878394,50.331864,28.534856,33.945257,6.470676
STILL,aom,av2,0,F2,Streptopelia_orientalis.y4m,1404x936,24,8,60,,48.357423,49.689582,50.547922,36.913292,30.442105,96.874220,96.088451,51.908592,47.349010,0.009925
STILL,aom,av2,0,F2,Streptopelia_orientalis.y4m,1404x936,24,8,85,,45.196110,46.449714,47.787309,31.547929,26.960838,95.745818,94.588314,47.743780,44.368410,0.015544
STILL,aom,av2,0,F2,Streptopelia_orientalis.y4m,1404x936,24,8,110,,41.911013,42.953999,44.699338,26.582470,23.469172,92.932626,91.289529,42.591965,41.355905,0.020224
STILL,aom,av2,0,F2,Streptopelia_orientalis.y4m,1404x936,24,8,135,,38.442038,39.446320,41.503670,21.564078,19.712605,85.603271,83.427092,37.053201,38.151602,0.013622
STILL,aom,av2,0,F2,Streptopelia_orientalis.y4m,1404x936,24,8,160,,34.794908,35.915619,38.521261,16.797866,15.871329,69.013555,66.926550,31.837513,34.745880,0.009574
STILL,aom,av2,0,F2,Streptopelia_orientalis.y4m,1404x936,24,8,185,,31.008217,32.879040,35.817398,12.240798,12.023982,43.842540,42.203124,27.114193,31.352795,0.009770
STILL,aom,av2,0,F2,Swallowtail.y4m,1300x900,24,8,60,,48.644873,49.864762,50.654468,35.425748,29.947680,96.974856,96.221994,51.252620,49.379505,0.016976
STILL,aom,av2,0,F2,Swallowtail.y4m,1300x900,24,8,85,,43.251161,47.041905,47.835856,28.885204,23.967407,96.186242,95.004795,46.229167,44.984679,0.118650
STILL,aom,av2,0,F2,Swallowtail.y4m,1300x900,24,8,110,,40.454657,44.097961,44.898709,25.083659,21.606830,93.665415,92.014408,42.496853,42.464251,0.224420
STILL,aom,av2,0,F2,Swallowtail.y4m,1300x900,24,8,135,,37.212612,41.021750,41.721486,21.138071,18.802629,87.070999,84.882372,37.509240,39.689366,0.268799
STILL,aom,av2,0,F2,Swallowtail.y4m,1300x900,24,8,160,,33.699981,37.794510,38.290927,17.233046,15.835016,73.524653,71.108390,32.213881,36.587950,0.290158
STILL,aom,av2,0,F2,Swallowtail.y4m,1300x900,24,8,185,,30.095827,34.818019,35.136311,13.322274,12.733887,51.016693,48.913428,27.170027,33.428146,0.343008
STILL,aom,av2,0,F2,Washington_Monument.y4m,1204x904,24,8,60,,49.153960,50.592693,50.454469,34.375429,30.246123,96.786220,95.655781,51.294401,47.327996,0.413273
STILL,aom,av2,0,F2,Washington_Monument.y4m,1204x904,24,8,85,,44.505555,48.592559,48.391684,28.727884,25.574575,95.507069,94.093812,47.299796,44.358889,0.521953
STILL,aom,av2,0,F2,Washington_Monument.y4m,1204x904,24,8,110,,39.528233,46.588739,46.758492,23.090932,20.841891,91.899137,90.128848,42.122234,41.301857,0.507245
STILL,aom,av2,0,F2,Washington_Monument.y4m,1204x904,24,8,135,,34.581400,44.355224,44.926359,17.982770,16.254224,82.323629,80.614433,36.492788,37.920583,0.500337
STILL,aom,av2,0,F2,Washington_Monument.y4m,1204x904,24,8,160,,30.263357,42.026434,43.228066,13.751279,12.594844,62.957855,61.399297,31.317301,34.634241,0.493571
STILL,aom,av2,0,F2,Washington_Monument.y4m,1204x904,24,8,185,,27.415212,39.657803,40.642127,10.190366,9.567687,34.518106,33.091593,26.778653,31.921323,0.374365
STILL,aom,av2,0,F2,Wasserfassstelle_von_1898_im_Schanerloch.y4m,816x1150,24,8,60,,48.763790,49.833736,50.042244,34.665653,32.677240,96.940305,96.079762,52.917176,47.271923,0.000763
STILL,aom,av2,0,F2,Wasserfassstelle_von_1898_im_Schanerloch.y4m,816x1150,24,8,85,,43.243635,47.611174,48.119600,28.833052,27.156609,95.831764,94.656093,48.776657,43.520188,0.017576
STILL,aom,av2,0,F2,Wasserfassstelle_von_1898_im_Schanerloch.y4m,816x1150,24,8,110,,37.846044,46.096099,46.877031,23.032675,21.950041,92.753450,91.318911,43.056198,39.750644,0.012030
STILL,aom,av2,0,F2,Wasserfassstelle_von_1898_im_Schanerloch.y4m,816x1150,24,8,135,,32.647178,44.639329,45.401492,17.584144,17.154968,85.398720,83.323621,36.436357,35.741967,0.054529
STILL,aom,av2,0,F2,Wasserfassstelle_von_1898_im_Schanerloch.y4m,816x1150,24,8,160,,28.035737,42.681093,43.270300,12.653827,12.748549,66.714306,64.829222,29.883679,31.862928,0.200203
STILL,aom,av2,0,F2,Wasserfassstelle_von_1898_im_Schanerloch.y4m,816x1150,24,8,185,,24.687461,40.483963,40.448089,8.534634,8.972688,39.100891,37.612323,24.141545,28.741913,0.310509
STILL,aom,av2,0,F2,Zoo_de_la_Barben.y4m,1296x864,24,8,60,,48.073422,50.102513,50.177518,28.736583,27.290836,96.700612,95.793586,48.286999,44.680115,3.053658
STILL,aom,av2,0,F2,Zoo_de_la_Barben.y4m,1296x864,24,8,85,,45.667791,48.297947,48.295336,26.095592,25.088104,95.570068,94.299241,46.537043,43.271518,9.535715
STILL,aom,av2,0,F2,Zoo_de_la_Barben.y4m,1296x864,24,8,110,,42.823457,46.170054,46.118796,23.374346,22.735731,92.774815,90.905401,43.826055,41.825611,9.252267
STILL,aom,av2,0,F2,Zoo_de_la_Barben.y4m,1296x864,24,8,135,,39.624198,43.770139,43.689207,19.541459,19.453731,85.728166,83.463526,39.328660,40.145154,8.993214
STILL,aom,av2,0,F2,Zoo_de_la_Barben.y4m,1296x864,24,8,160,,36.682071,41.319606,41.054340,15.529409,16.018002,70.445164,68.059845,34.546334,38.187257,8.002885
STILL,aom,av2,0,F2,Zoo_de_la_Barben.y4m,1296x864,24,8,185,,33.912303,38.838104,38.160718,12.061742,12.786021,48.240856,46.209848,30.547046,35.951136,8.028909
