TestCfg,EncodeMethod,CodecName,EncodePreset,Class,Name,OrigRes,FPS,BitDepth,CodedRes,QP,Bitrate(kbps),PSNR_Y,PSNR_U,PSNR_V,SSIM_Y(dB),MS-SSIM_Y(dB),VMAF_Y,VMAF_Y-NEG,PSNR-HVS,CIEDE2000,APSNR_Y,APSNR_U,APSNR_V,CAMBI,EncT[s],DecT[s],EncInstr,DecInstr,EncCycles,DecCycles,EncMD5,DecMD5
AS,aom,av2,0,A1,BoxingPractice,3840x2160,60.0000,10,3840x2160,110,18089.257204,42.351569,48.635343,48.641861,29.237791,20.295039,99.974900,99.897393,42.945577,43.208796,42.298371,48.608853,48.614756,1.063008,,,,,,,74cce95ccb7b13344d0081dcd0478427,
AS,aom,av2,0,A1,BoxingPractice,3840x2160,60.0000,10,3840x2160,135,6474.828556,41.511909,47.458532,47.380626,27.379223,19.520251,99.495537,97.538928,41.386605,42.340280,41.495678,47.444670,47.364585,1.175756,,,,,,,0af84fc83c443ddc47f2437cf0b1fa57,
AS,aom,av2,0,A1,BoxingPractice,3840x2160,60.0000,10,3840x2160,160,2694.093599,40.240243,45.933316,45.718887,24.958562,18.407493,94.899515,92.472569,39.064151,41.171336,40.224759,45.917549,45.703726,1.233582,,,,,,,e6ae9cd42cd28db92a6761a69e4e356d,
AS,aom,av2,0,A1,BoxingPractice,3840x2160,60.0000,10,3840x2160,185,1311.422116,38.228226,43.921122,43.642803,21.711489,16.665088,85.747404,82.970612,35.851970,39.516081,38.205837,43.904428,43.627190,1.318380,,,,,,,8a0ca8da42dd21d60204f8cb3c010561,
AS,aom,av2,0,A1,BoxingPractice,3840x2160,60.0000,10,3840x2160,210,624.940598,35.478227,41.448827,41.326042,18.024363,14.381081,70.820964,67.725483,32.149987,37.318215,35.448810,41.428882,41.309459,1.335783,,,,,,,998e14ceee83b67746989b9f1c377367,
AS,aom,av2,0,A1,BoxingPractice,3840x2160,60.0000,10,3840x2160,235,289.213556,32.335871,38.713588,38.671282,14.297512,11.890644,51.712140,48.562436,28.431274,34.720733,32.304469,38.703852,38.660791,1.362497,,,,,,,a0e8e0038eebd0bec2f8537d4c689cd4,
AS,aom,av2,0,A1,BoxingPractice,3840x2160,60.0000,10,2560x1440,110,9099.974487,41.541173,47.019402,47.135270,28.226822,19.825143,99.877618,98.126348,42.021028,42.391760,41.525785,47.008116,47.120839,1.201535,,,,,,,b2edc5447a612f8e1f7914a0dffeec14,
AS,aom,av2,0,A1,BoxingPractice,3840x2160,60.0000,10,2560x1440,135,3735.357566,40.648979,45.989216,45.964863,26.217247,18.956594,96.870914,94.540781,40.175049,41.545428,40.637406,45.978149,45.950936,1.224929,,,,,,,1b4131b802123d4eb0f690f9f5cc36be,
AS,aom,av2,0,A1,BoxingPractice,3840x2160,60.0000,10,2560x1440,160,1762.211942,39.070223,44.494332,44.326923,23.294322,17.506101,90.060512,87.365784,37.328927,40.227684,39.052113,44.480910,44.310741,1.322903,,,,,,,f48fa63d8e0a6cc88fdf0a1eae3ce79c,
AS,aom,av2,0,A1,BoxingPractice,3840x2160,60.0000,10,2560x1440,185,854.970261,36.742933,42.591623,42.326399,19.787436,15.475184,77.991735,75.012492,33.858094,38.430194,36.718775,42.575382,42.310308,1.363732,,,,,,,25e805121f19eed38bf235c4f6471465,
AS,aom,av2,0,A1,BoxingPractice,3840x2160,60.0000,10,2560x1440,210,400.986091,33.835391,40.275585,40.115779,16.066856,13.083133,60.902760,57.714667,30.187318,36.167383,33.806055,40.261295,40.098371,1.403268,,,,,,,44c396a898bab93fe1e486d33cc13030,
AS,aom,av2,0,A1,BoxingPractice,3840x2160,60.0000,10,2560x1440,235,182.527626,30.655851,37.794316,37.726098,12.510990,10.648251,40.681941,37.927557,26.620784,33.612347,30.624849,37.783091,37.715576,1.325198,,,,,,,235aa1bd4f8beeeb4e64ca1e7c1c5a68,
AS,aom,av2,0,A1,BoxingPractice,3840x2160,60.0000,10,1920x1080,110,6082.204565,40.631693,45.873077,45.745222,27.439627,19.346203,97.804651,95.454693,41.028938,41.698694,40.622930,45.865998,45.734082,1.259361,,,,,,,cfe97e643686ad4f87339c41df9cec54,
AS,aom,av2,0,A1,BoxingPractice,3840x2160,60.0000,10,1920x1080,135,2724.956274,39.669182,44.932605,44.684484,25.173546,18.344778,93.434837,90.857932,38.929428,40.816791,39.657735,44.923812,44.671639,1.334630,,,,,,,15a8163a9d3e784a08561a79d32f6428,
AS,aom,av2,0,A1,BoxingPractice,3840x2160,60.0000,10,1920x1080,160,1304.505956,37.955178,43.492368,43.155412,21.966319,16.690320,84.641496,81.843839,35.857206,39.422745,37.935702,43.481633,43.141121,1.444745,,,,,,,6a4f69be737afbdb7be80ec8ada9bcab,
AS,aom,av2,0,A1,BoxingPractice,3840x2160,60.0000,10,1920x1080,185,623.384001,35.524157,41.629349,41.267695,18.366997,14.535450,70.456204,67.497823,32.348400,37.536444,35.498212,41.615482,41.252881,1.496873,,,,,,,d746980700f9a7be04cbc7af3a0a34c1,
AS,aom,av2,0,A1,BoxingPractice,3840x2160,60.0000,10,1920x1080,210,286.845462,32.587133,39.329944,39.183256,14.704760,12.132115,52.249623,49.217925,28.762912,35.198334,32.558435,39.317264,39.172706,1.501551,,,,,,,1954a8f6b4ca6e8c116a086fb34e6d30,
AS,aom,av2,0,A1,BoxingPractice,3840x2160,60.0000,10,1920x1080,235,127.150388,29.456254,37.112498,37.089087,11.305285,9.787360,32.202699,29.737810,25.367283,32.801537,29.428370,37.100744,37.077864,1.407403,,,,,,,afeccb5c04b0ec8d7fb66efe5f313265,
AS,aom,av2,0,A1,BoxingPractice,3840x2160,60.0000,10,1280x720,110,3557.127181,38.379809,44.448273,43.811592,25.919651,18.065042,90.451503,87.871994,37.556668,40.413003,38.374910,44.443119,43.802101,1.353435,,,,,,,7a36121442f718283c508ca08231e4a5,
AS,aom,av2,0,A1,BoxingPractice,3840x2160,60.0000,10,1280x720,135,1751.046492,37.494192,43.554467,42.913932,23.330587,16.961620,84.312138,81.603000,35.777748,39.509871,37.484935,43.547300,42.902717,1.441242,,,,,,,f7d056344c452641c97c641df8363f76,
AS,aom,av2,0,A1,BoxingPractice,3840x2160,60.0000,10,1280x720,160,842.989626,35.886751,42.126643,41.569193,19.920829,15.223352,72.796051,70.014042,33.122336,38.080233,35.869073,42.116145,41.556453,1.530235,,,,,,,6a346886c597cbba5881e51246153309,
AS,aom,av2,0,A1,BoxingPractice,3840x2160,60.0000,10,1280x720,185,396.921233,33.573846,40.305221,39.822537,16.301849,13.063133,56.712212,53.943173,29.992763,36.209707,33.549146,40.293595,39.807597,1.581643,,,,,,,27695e822475c63a40ed51f2c00344ee,
AS,aom,av2,0,A1,BoxingPractice,3840x2160,60.0000,10,1280x720,210,179.473450,30.770884,38.198533,37.894055,12.819266,10.790321,38.547970,36.093624,26.763906,33.934275,30.743600,38.188047,37.881161,1.565765,,,,,,,783f524883b5a7ebf925f5c93bab9f8e,
AS,aom,av2,0,A1,BoxingPractice,3840x2160,60.0000,10,1280x720,235,78.202413,27.815311,36.342517,36.198991,9.716621,8.672388,20.102945,18.262921,23.717218,31.565515,27.787770,36.336246,36.194052,1.409810,,,,,,,b9820160733107395ae219488ba69820,
AS,aom,av2,0,A1,BoxingPractice,3840x2160,60.0000,10,960x540,110,2536.604319,36.255300,43.366743,42.494984,24.735590,16.445355,79.342216,76.597205,33.790140,39.189744,36.251397,43.361921,42.486536,1.440647,,,,,,,f9c4e75ae16d6ea0c3f78b6e55bfab05,
AS,aom,av2,0,A1,BoxingPractice,3840x2160,60.0000,10,960x540,135,1264.015984,35.530685,42.497798,41.687711,21.864432,15.456288,72.185347,69.385952,32.636651,38.337438,35.523196,42.490690,41.678414,1.524476,,,,,,,14d641199b12f958ea4dde5e96a466c3,
AS,aom,av2,0,A1,BoxingPractice,3840x2160,60.0000,10,960x540,160,604.970414,34.147782,41.146246,40.447791,18.374481,13.891415,59.796741,57.026472,30.702779,36.966859,34.133089,41.136073,40.436322,1.612723,,,,,,,c8fd902be98500cc98eb912fc453627f,
AS,aom,av2,0,A1,BoxingPractice,3840x2160,60.0000,10,960x540,185,284.038423,32.076507,39.379479,38.878686,14.832897,11.930800,43.554969,41.116458,28.179159,35.120071,32.053835,39.367009,38.865349,1.670964,,,,,,,5b9a5ec51f82fbc76ea8c0882c1cc72a,
AS,aom,av2,0,A1,BoxingPractice,3840x2160,60.0000,10,960x540,210,125.413048,29.447499,37.325556,37.150104,11.520256,9.834158,27.234777,25.184517,25.335762,32.934196,29.421761,37.317476,37.140835,1.642580,,,,,,,73cb9f6856bb580b06d664d4ecc54c38,
AS,aom,av2,0,A1,BoxingPractice,3840x2160,60.0000,10,960x540,235,55.122723,26.646501,35.801608,35.535041,8.643920,7.910398,10.972583,9.763199,22.572319,30.632913,26.617884,35.792444,35.527780,1.520205,,,,,,,527fd2a3558468b29198f4436b68a1e8,
AS,aom,av2,0,A1,BoxingPractice,3840x2160,60.0000,10,640x360,110,1517.272881,33.234410,41.908580,40.992225,21.453327,13.829707,53.289634,51.077622,29.243893,37.278889,33.231541,41.903740,40.985309,1.484695,,,,,,,fa23eee335abbd3860e1160454bedb9e,
AS,aom,av2,0,A1,BoxingPractice,3840x2160,60.0000,10,640x360,135,771.456236,32.722861,41.142392,40.274516,18.996921,13.108891,46.207160,44.036691,28.649390,36.535355,32.717617,41.135892,40.266393,1.543336,,,,,,,f455fd57017fd2616ed3c46ee7ea8a48,
AS,aom,av2,0,A1,BoxingPractice,3840x2160,60.0000,10,640x360,160,371.093522,31.682635,39.881295,39.172667,15.886570,11.912107,35.261004,33.276855,27.511898,35.321967,31.671662,39.872478,39.163330,1.627367,,,,,,,b240c85a4e50bf04b6ce1edf98a356a6,
AS,aom,av2,0,A1,BoxingPractice,3840x2160,60.0000,10,640x360,185,172.590486,29.968300,38.248404,37.731667,12.696494,10.311710,22.595112,21.021708,25.744214,33.661802,29.949665,38.239720,37.721542,1.692819,,,,,,,3b96003325fb86614fe59ee92606cfb7,
AS,aom,av2,0,A1,BoxingPractice,3840x2160,60.0000,10,640x360,210,75.963421,27.640147,36.536627,36.214204,9.760137,8.573065,10.259825,9.196747,23.471606,31.551493,27.616844,36.528241,36.208559,1.740686,,,,,,,11f8a022c53b15bc623d67dcdc4fddae,
AS,aom,av2,0,A1,BoxingPractice,3840x2160,60.0000,10,640x360,235,33.072159,25.045364,35.155544,34.931966,7.294981,6.945327,0.175100,0.098898,21.052778,29.179740,25.019044,35.145041,34.926036,1.597140,,,,,,,23aa18f3d142df389b920c17fe6ae147,
AS,aom,av2,0,A1,Crosswalk,3840x2160,60.0000,10,3840x2160,110,16906.280181,42.764393,48.773158,52.203484,28.402393,20.030937,95.331963,93.526212,43.085677,43.667210,42.721816,48.757880,52.192635,0.337701,,,,,,,f3539aa16cfbd25fe6f342447f60ba06,
AS,aom,av2,0,A1,Crosswalk,3840x2160,60.0000,10,3840x2160,135,5197.872896,42.071994,48.082131,51.223429,25.766038,19.123061,90.652396,88.521327,41.470072,42.984925,42.061775,48.076570,51.213747,0.365619,,,,,,,82f6170f63d018bf416499f2192f9a5a,
AS,aom,av2,0,A1,Crosswalk,3840x2160,60.0000,10,3840x2160,160,2188.288020,41.002960,47.027652,49.741693,22.507735,17.857899,82.185980,79.821521,39.307307,41.966524,40.981057,47.018959,49.725060,0.380213,,,,,,,5bfde3b14aa6a57ba8c60fd139eccd7a,
AS,aom,av2,0,A1,Crosswalk,3840x2160,60.0000,10,3840x2160,185,1025.229540,39.368695,45.488803,47.686145,18.985902,16.173408,68.781119,66.357243,36.702236,40.461423,39.327716,45.475576,47.662664,0.411851,,,,,,,caad6cc0158c697e6ccd14b00ec89940,
AS,aom,av2,0,A1,Crosswalk,3840x2160,60.0000,10,3840x2160,210,480.416814,37.064667,43.326789,45.129663,15.441563,14.131233,51.246113,48.925074,33.736595,38.374661,37.002537,43.310148,45.106246,0.385014,,,,,,,49f29dc2e2c5c45809bf710fd6694084,
AS,aom,av2,0,A1,Crosswalk,3840x2160,60.0000,10,3840x2160,235,221.438869,34.194218,40.784879,42.187534,12.047078,11.871691,30.308789,28.723806,30.554062,35.734684,34.118610,40.769916,42.156771,0.338764,,,,,,,527f54bf4e9664757b35f5fc208d94d4,
AS,aom,av2,0,A1,Crosswalk,3840x2160,60.0000,10,2560x1440,110,8077.360178,42.370194,48.405885,51.710540,26.974255,19.531212,92.987440,90.964007,42.203493,43.292975,42.358441,48.398652,51.701591,0.345156,,,,,,,c93bf668ae2277dc0f7c2288f0c34c2e,
AS,aom,av2,0,A1,Crosswalk,3840x2160,60.0000,10,2560x1440,135,3065.788365,41.543331,47.609450,50.560323,24.088035,18.487120,86.567285,84.285507,40.354897,42.508628,41.528525,47.602798,50.547755,0.350366,,,,,,,4bc137bc55ce8969ec06803a80f26c32,
AS,aom,av2,0,A1,Crosswalk,3840x2160,60.0000,10,2560x1440,160,1384.180128,40.193724,46.392307,48.876093,20.656945,17.003370,75.617568,73.169396,37.956155,41.291088,40.161698,46.381148,48.852981,0.385849,,,,,,,df060ec9af3dbc38e12ade2f31d0e89a,
AS,aom,av2,0,A1,Crosswalk,3840x2160,60.0000,10,2560x1440,185,650.572812,38.254339,44.652594,46.679448,17.159739,15.159672,59.895277,57.433806,35.211384,39.546356,38.202505,44.634463,46.645518,0.422501,,,,,,,376f67f6618dedc3148a4bab6c71d1c4,
AS,aom,av2,0,A1,Crosswalk,3840x2160,60.0000,10,2560x1440,210,303.311458,35.681429,42.455812,44.088766,13.738843,13.027228,40.642723,38.584883,32.176976,37.278082,35.608223,42.438546,44.047700,0.412929,,,,,,,cc4020c85c65ec74d53ce63a8d93bf7d,
AS,aom,av2,0,A1,Crosswalk,3840x2160,60.0000,10,2560x1440,235,139.278568,32.701838,39.833513,41.104291,10.621984,10.836434,22.153983,20.712927,29.034573,34.520667,32.621908,39.817224,41.076772,0.527687,,,,,,,3e2cc292ff381d53da153bc12b2d2b91,
AS,aom,av2,0,A1,Crosswalk,3840x2160,60.0000,10,1920x1080,110,5133.215093,42.048780,48.082040,51.296760,25.847405,19.118554,90.707884,88.495747,41.459348,42.989518,42.038877,48.076838,51.286941,0.366224,,,,,,,32b39088d7710733cf1a44d5efc310fb,
AS,aom,av2,0,A1,Crosswalk,3840x2160,60.0000,10,1920x1080,135,2216.465381,41.072038,47.188052,49.999276,22.809034,17.952649,82.848688,80.441434,39.454876,42.093144,41.051739,47.180431,49.982698,0.389548,,,,,,,81d085612fec9d8ceee249e6fa77ae14,
AS,aom,av2,0,A1,Crosswalk,3840x2160,60.0000,10,1920x1080,160,1006.340121,39.502821,45.839395,48.193260,19.318645,16.323674,69.921232,67.451775,36.915714,40.714179,39.463443,45.825772,48.168920,0.449899,,,,,,,605d4a60c50303a36deba6e03dfe7c9a,
AS,aom,av2,0,A1,Crosswalk,3840x2160,60.0000,10,1920x1080,185,470.188273,37.345479,44.080638,45.925991,15.863372,14.383736,52.907848,50.499055,34.098948,38.842566,37.285742,44.060702,45.884226,0.509030,,,,,,,28be3d56a424ee6e1a5e99ef9ad79da4,
AS,aom,av2,0,A1,Crosswalk,3840x2160,60.0000,10,1920x1080,210,217.440406,34.638225,41.783533,43.279474,12.588672,12.238554,32.972916,31.255877,31.059688,36.465131,34.563645,41.759052,43.225359,0.566010,,,,,,,bb68dd56bdd4bbf9c5a52e35511ecf4a,
AS,aom,av2,0,A1,Crosswalk,3840x2160,60.0000,10,1920x1080,235,98.729578,31.636077,39.176289,40.483996,9.702301,10.156703,15.895058,14.938174,27.981838,33.639140,31.557424,39.154032,40.445454,0.697307,,,,,,,30272ba777d2c1bc942bc7f5f61a11d9,
AS,aom,av2,0,A1,Crosswalk,3840x2160,60.0000,10,1280x720,110,2998.039499,41.445118,47.496089,50.556009,24.106090,18.411780,85.565448,83.215176,40.200802,42.454451,41.431429,47.488632,50.541833,0.393174,,,,,,,351b65f8dd8838649b838b34ae8001bd,
AS,aom,av2,0,A1,Crosswalk,3840x2160,60.0000,10,1280x720,135,1405.500346,40.228842,46.470649,49.093618,20.909424,17.063670,75.605432,73.091605,38.021402,41.387884,40.199575,46.459218,49.072824,0.431058,,,,,,,4cd67b3e54b0a2ae75797e6f9f42cc50,
AS,aom,av2,0,A1,Crosswalk,3840x2160,60.0000,10,1280x720,160,642.572197,38.357271,44.943656,47.049820,17.400323,15.265793,60.414534,57.974267,35.353420,39.763404,38.306164,44.927042,47.019770,0.516597,,,,,,,c03575ac3b68a8bd4bdea0a063d341d1,
AS,aom,av2,0,A1,Crosswalk,3840x2160,60.0000,10,1280x720,185,298.693307,35.933870,42.997269,44.725678,14.074423,13.233642,41.709761,39.610069,32.467204,37.674625,35.864372,42.971116,44.676510,0.615094,,,,,,,f19b6599d218d25e47f3cf361b0095ca,
AS,aom,av2,0,A1,Crosswalk,3840x2160,60.0000,10,1280x720,210,136.346115,33.111055,40.740782,42.063493,11.050857,11.147589,22.502592,21.178035,29.478767,35.126848,33.035130,40.720158,42.007082,0.763843,,,,,,,73b26d16e01d680cd59eec8eaa7bef8e,
AS,aom,av2,0,A1,Crosswalk,3840x2160,60.0000,10,1280x720,235,60.865903,30.072568,38.119765,39.346310,8.467734,9.206582,8.862866,8.209743,26.454942,32.331407,29.999603,38.094962,39.297433,0.916628,,,,,,,78c583b85d10b35fde1517f17f702654,
AS,aom,av2,0,A1,Crosswalk,3840x2160,60.0000,10,960x540,110,2153.024821,40.805648,46.986820,49.896012,22.736963,17.738226,79.353181,76.932827,38.985369,41.956523,40.786176,46.976923,49.877318,0.436047,,,,,,,549e88fb1b9151ad0bf322406693eb5c,
AS,aom,av2,0,A1,Crosswalk,3840x2160,60.0000,10,960x540,135,1024.440175,39.451358,45.839803,48.272219,19.500026,16.316704,68.013281,65.518493,36.826493,40.753074,39.414998,45.826744,48.245516,0.490253,,,,,,,2916b252c7c50de8a3327f3c4a2f131d,
AS,aom,av2,0,A1,Crosswalk,3840x2160,60.0000,10,960x540,160,470.132944,37.411345,44.201291,46.202648,16.066209,14.462114,52.216100,49.807535,34.170218,38.992410,37.352820,44.181857,46.165383,0.579357,,,,,,,dd23158986fa54ea646e58d8097be9c2,
AS,aom,av2,0,A1,Crosswalk,3840x2160,60.0000,10,960x540,185,217.274418,34.855289,42.257842,43.858792,12.877132,12.423077,33.350377,31.437098,31.297366,36.781923,34.781516,42.232444,43.809110,0.748370,,,,,,,049f39de450e49bc595681679eeece74,
AS,aom,av2,0,A1,Crosswalk,3840x2160,60.0000,10,960x540,210,97.161915,31.925602,39.933683,41.158370,9.952511,10.344945,16.196676,15.151239,28.294709,34.116053,31.850411,39.907622,41.095493,0.929148,,,,,,,953370e19675275710dce688c5efa62e,
AS,aom,av2,0,A1,Crosswalk,3840x2160,60.0000,10,960x540,235,44.182279,29.000734,37.518854,38.097800,7.727434,8.617763,4.997044,4.709308,25.408481,31.360219,28.930476,37.469353,38.020387,1.129947,,,,,,,a39d285f3540c2bbe4a2a4d1ff5e0327,
AS,aom,av2,0,A1,Crosswalk,3840x2160,60.0000,10,640x360,110,1332.716514,39.547905,46.088514,48.771709,20.579938,16.537178,64.508060,62.140253,36.825815,41.069951,39.513623,46.072084,48.745369,0.469127,,,,,,,1073fef65a569f18f4473ec68dfdbc07,
AS,aom,av2,0,A1,Crosswalk,3840x2160,60.0000,10,640x360,135,646.393606,38.089014,44.828974,47.068408,17.445330,15.105179,52.496701,50.136706,34.910003,39.711139,38.040711,44.808032,47.034848,0.548906,,,,,,,1e8ba80e7a3e2e0b6470f909c7392c12,
AS,aom,av2,0,A1,Crosswalk,3840x2160,60.0000,10,640x360,160,298.645355,35.887671,43.116254,44.867308,14.163075,13.219878,36.127353,34.189482,32.377817,37.759151,35.817331,43.095564,44.828135,0.686601,,,,,,,b1e24e7a5653cbe1f2427906c04c8136,
AS,aom,av2,0,A1,Crosswalk,3840x2160,60.0000,10,640x360,185,136.110044,33.257927,41.066544,42.316989,11.233912,11.260506,20.090972,18.862494,29.622095,35.382303,33.178300,41.041618,42.266445,0.934055,,,,,,,cf25b870ce487fa10ed08f9f5c8b1583,
AS,aom,av2,0,A1,Crosswalk,3840x2160,60.0000,10,640x360,210,60.810574,30.379129,38.731974,39.943982,8.713273,9.402888,7.992845,7.397278,26.771427,32.768810,30.305739,38.706383,39.887101,1.180007,,,,,,,1a3258c5ee0551c0cadd0fbaeb832383,
AS,aom,av2,0,A1,Crosswalk,3840x2160,60.0000,10,640x360,235,27.970798,27.499392,36.572524,37.399603,6.824691,7.870599,0.788661,0.773806,23.966905,30.112131,27.440133,36.536614,37.322167,1.369050,,,,,,,4b811dc0f0b47cb2a345161957ccfcb4,
AS,aom,av2,0,A1,FoodMarket2,3840x2160,60.0000,10,3840x2160,110,23882.912165,43.093640,48.946026,49.153661,32.209805,22.793165,99.970401,99.962144,44.542135,44.089762,42.995317,48.851178,49.051354,0.010910,,,,,,,957d8faaec8f757be37a926f7c42f54c,
AS,aom,av2,0,A1,FoodMarket2,3840x2160,60.0000,10,3840x2160,135,10180.485361,41.611335,47.102507,47.235724,28.938654,20.914333,99.956905,99.945418,41.342848,42.543582,41.536107,47.021333,47.139029,0.012304,,,,,,,3adedcb4341c77a77a5d6c64e27ab4cc,
AS,aom,av2,0,A1,FoodMarket2,3840x2160,60.0000,10,3840x2160,160,4602.341658,39.245002,44.741848,44.794978,24.634944,18.187274,98.182440,95.906927,37.230858,40.306105,39.158170,44.655775,44.686392,0.015233,,,,,,,06b1c6588ae21d2c1464566705749f66,
AS,aom,av2,0,A1,FoodMarket2,3840x2160,60.0000,10,3840x2160,185,2108.440483,36.293532,42.155666,42.162565,20.025211,15.049531,83.602230,81.162357,33.051062,37.634153,36.197672,42.066743,42.041254,0.017749,,,,,,,e17a619679ec56f7f4bab449994f1dea,
AS,aom,av2,0,A1,FoodMarket2,3840x2160,60.0000,10,3840x2160,210,942.228233,33.066685,39.610075,39.476973,15.571682,11.900024,62.646928,60.473370,29.121111,34.756036,32.963361,39.521524,39.352271,0.025788,,,,,,,e99424f6cb94d3cd1a184777cd36704f,
AS,aom,av2,0,A1,FoodMarket2,3840x2160,60.0000,10,3840x2160,235,391.915777,29.803322,36.949755,36.753900,11.442200,8.972593,40.424284,39.057406,25.541924,31.750961,29.696987,36.856587,36.628825,0.081993,,,,,,,eb74ff9445c494fbcacfae9d46225fe9,
AS,aom,av2,0,A1,FoodMarket2,3840x2160,60.0000,10,2560x1440,110,14057.758857,42.193571,47.625594,47.670942,30.395917,21.735040,99.963099,99.951242,42.715366,43.105212,42.118892,47.525884,47.550405,0.011232,,,,,,,bdeb31ccf98d9ac5c998d209258074ea,
AS,aom,av2,0,A1,FoodMarket2,3840x2160,60.0000,10,2560x1440,135,6531.065242,40.349977,45.690831,45.720173,26.662992,19.483545,99.942556,99.566528,39.108174,41.314392,40.270259,45.599690,45.604943,0.014461,,,,,,,c83a742730b16ed326e9d5de12968ce6,
AS,aom,av2,0,A1,FoodMarket2,3840x2160,60.0000,10,2560x1440,160,2948.114040,37.632738,43.289997,43.267001,22.120914,16.480783,91.249156,88.696834,34.886323,38.856252,37.538228,43.199084,43.145089,0.018180,,,,,,,05d374ad1abfc12a56c6523418e7e225,
AS,aom,av2,0,A1,FoodMarket2,3840x2160,60.0000,10,2560x1440,185,1323.963421,34.536562,40.761114,40.718283,17.563962,13.321106,72.619894,70.243210,30.860343,36.104147,34.432066,40.668734,40.590440,0.024930,,,,,,,002a4454c912f62c326597f0a960010d,
AS,aom,av2,0,A1,FoodMarket2,3840x2160,60.0000,10,2560x1440,210,572.728195,31.318232,38.358735,38.197300,13.326851,10.299478,50.385564,48.604311,27.171918,33.249037,31.208606,38.261654,38.062912,0.052747,,,,,,,1aff169bc1aa40c1cf2c7d99315a26b9,
AS,aom,av2,0,A1,FoodMarket2,3840x2160,60.0000,10,2560x1440,235,227.930838,28.161519,35.954964,35.637556,9.435417,7.601939,30.322361,29.490122,23.870336,30.374582,28.054863,35.864022,35.517490,0.151262,,,,,,,10fabe557da8cf412f58cddf1d91dc9b,
AS,aom,av2,0,A1,FoodMarket2,3840x2160,60.0000,10,1920x1080,110,10147.239837,41.147870,46.276494,46.281478,28.845147,20.675698,99.951224,99.937261,41.040248,42.078251,41.066410,46.162696,46.129641,0.013953,,,,,,,dc9412159e2bec5286a6f5d7dff24cd1,
AS,aom,av2,0,A1,FoodMarket2,3840x2160,60.0000,10,1920x1080,135,4786.414816,39.152890,44.417586,44.402382,24.899865,18.244294,98.379776,95.987130,37.325101,40.199238,39.066419,44.316079,44.263573,0.017490,,,,,,,c56b117022aa4b5e3f595f547e714260,
AS,aom,av2,0,A1,FoodMarket2,3840x2160,60.0000,10,1920x1080,160,2138.082225,36.338682,42.128362,42.073136,20.310529,15.177611,84.317848,81.727482,33.186150,37.688840,36.240547,42.032744,41.939731,0.024790,,,,,,,e698fa193478e7884c77f949f4a94150,
AS,aom,av2,0,A1,FoodMarket2,3840x2160,60.0000,10,1920x1080,185,940.479828,33.242355,39.745200,39.595171,15.860776,12.098277,63.669020,61.435732,29.339577,34.969448,33.132562,39.648656,39.455491,0.047007,,,,,,,a7d2790fd57dc9729d772db7631cd918,
AS,aom,av2,0,A1,FoodMarket2,3840x2160,60.0000,10,1920x1080,210,396.209329,30.091109,37.468287,37.257230,11.804363,9.236821,41.691807,40.291593,25.859732,32.188013,29.978709,37.357911,37.118738,0.131213,,,,,,,845cddfbeb6841d70a7f032cf8e59c8d,
AS,aom,av2,0,A1,FoodMarket2,3840x2160,60.0000,10,1920x1080,235,152.753093,27.069165,35.267381,34.866526,8.165301,6.746642,24.807176,24.185227,22.798611,29.432504,26.960531,35.160440,34.731510,0.225412,,,,,,,7abe687dc55b770b0d8df84ea6075511,
AS,aom,av2,0,A1,FoodMarket2,3840x2160,60.0000,10,1280x720,110,6320.762315,38.614488,43.944372,44.153764,26.264804,18.403219,98.033879,95.732924,37.159401,40.015286,38.452608,43.808469,43.953672,0.013347,,,,,,,366e854ae72a99c9972b07a9bc9dee4f,
AS,aom,av2,0,A1,FoodMarket2,3840x2160,60.0000,10,1280x720,135,2994.122186,36.860297,42.343975,42.487317,22.243355,16.115699,88.334248,85.770167,34.188421,38.253422,36.734595,42.228375,42.322213,0.018995,,,,,,,06e52d92c1c86ea3a6c1ffd92ffc0ac1,
AS,aom,av2,0,A1,FoodMarket2,3840x2160,60.0000,10,1280x720,160,1333.705064,34.295973,40.364293,40.370719,17.762859,13.250304,70.909730,68.560508,30.665929,35.909245,34.183330,40.260246,40.224007,0.036319,,,,,,,665b1e8a803aeeb1014f4096e2ff2b18,
AS,aom,av2,0,A1,FoodMarket2,3840x2160,60.0000,10,1280x720,185,573.141320,31.366382,38.267967,38.169820,13.547037,10.391479,49.326207,47.652405,27.232493,33.319091,31.251073,38.160043,38.030204,0.097836,,,,,,,e9fbd905b2e71e32ced7d95415e04702,
AS,aom,av2,0,A1,FoodMarket2,3840x2160,60.0000,10,1280x720,210,231.527242,28.385280,36.261521,35.915574,9.739485,7.791119,30.498729,29.659967,24.098672,30.684220,28.273946,36.146816,35.760381,0.248244,,,,,,,85549f0edec13805936ed316630a4e87,
AS,aom,av2,0,A1,FoodMarket2,3840x2160,60.0000,10,1280x720,235,85.550142,25.537561,34.221882,33.675322,6.474059,5.641192,16.783984,16.576182,21.330686,28.058288,25.433008,34.129202,33.554099,0.326348,,,,,,,bbc6c97be62e069b5171d1d2e279171a,
AS,aom,av2,0,A1,FoodMarket2,3840x2160,60.0000,10,960x540,110,4466.622608,36.116818,42.323447,42.640293,24.366228,15.942999,87.195159,84.666247,33.207825,38.133069,35.881752,42.172792,42.424167,0.013315,,,,,,,80ddb1e3c1817c8b4db1507f7eff466d,
AS,aom,av2,0,A1,FoodMarket2,3840x2160,60.0000,10,960x540,135,2108.193345,34.770293,40.942341,41.130490,20.312520,14.157451,75.901579,73.435927,31.294579,36.618302,34.599096,40.819017,40.961426,0.021108,,,,,,,c374881f7115a11ddd20e3a6515d947d,
AS,aom,av2,0,A1,FoodMarket2,3840x2160,60.0000,10,960x540,160,936.123569,32.641892,39.179350,39.206810,15.970033,11.750956,57.867145,55.837007,28.653503,34.542378,32.513130,39.069984,39.054526,0.053307,,,,,,,772ff2688dd9fceabca25bb0135c89fc,
AS,aom,av2,0,A1,FoodMarket2,3840x2160,60.0000,10,960x540,185,396.338431,29.997852,37.341665,37.144037,11.976407,9.218271,38.359997,37.082383,25.736504,32.152130,29.875978,37.227886,36.997929,0.157025,,,,,,,1bd17d89b2ceca6d3b57125526c2064e,
AS,aom,av2,0,A1,FoodMarket2,3840x2160,60.0000,10,960x540,210,155.106432,27.196134,35.419381,35.002008,8.371852,6.872047,22.960586,22.436317,22.914626,29.599532,27.084590,35.322337,34.866040,0.328299,,,,,,,5c7d44ef620c825f33b77201b387c7df,
AS,aom,av2,0,A1,FoodMarket2,3840x2160,60.0000,10,960x540,235,56.896949,24.547618,33.668799,32.760890,5.457752,4.974955,12.459286,12.381190,20.401830,27.134996,24.452355,33.566889,32.627736,0.447735,,,,,,,0679379b90b88489562bbfc090491553,
AS,aom,av2,0,A1,FoodMarket2,3840x2160,60.0000,10,640x360,110,2583.110428,32.738157,40.246076,40.569543,20.212319,12.572096,60.942337,59.031270,28.530664,35.434619,32.438389,40.101502,40.361235,0.013731,,,,,,,4493b18c3e1601f8f067525f93c7adcb,
AS,aom,av2,0,A1,FoodMarket2,3840x2160,60.0000,10,640x360,135,1217.259049,31.854584,39.150194,39.353678,17.020677,11.419887,50.348485,48.596613,27.541478,34.292081,31.625200,39.029546,39.188222,0.033928,,,,,,,5036dda2fd9007ebc541701cae854160,
AS,aom,av2,0,A1,FoodMarket2,3840x2160,60.0000,10,640x360,160,542.673327,30.297771,37.656131,37.654550,13.336092,9.688154,36.156206,34.879465,25.908610,32.600325,30.135002,37.545140,37.507125,0.105681,,,,,,,5d7a93c3ebeffe138c4cb5e092c7cccc,
AS,aom,av2,0,A1,FoodMarket2,3840x2160,60.0000,10,640x360,185,226.861139,28.096189,36.074077,35.830479,9.761111,7.642006,22.420154,21.849055,23.728863,30.495653,27.967226,35.971447,35.693773,0.253284,,,,,,,c4b7225dd724d2dd6fd2d90476bb4958,
AS,aom,av2,0,A1,FoodMarket2,3840x2160,60.0000,10,640x360,210,87.151003,25.633132,34.221793,33.851454,6.643787,5.730145,14.120761,14.008598,21.401019,28.185129,25.523683,34.118905,33.742852,0.427457,,,,,,,a6cbeb9f1aea7bf8cdaa246ee36d15b6,
AS,aom,av2,0,A1,FoodMarket2,3840x2160,60.0000,10,640x360,235,32.511489,23.237068,32.697241,31.923914,4.239486,4.192301,8.283593,8.366098,19.207525,25.922930,23.143156,32.615602,31.813690,0.577744,,,,,,,22b562005ed7f15ac08d4ad28737be5e,
AS,aom,av2,0,A1,Neon1224,3840x2160,30.0000,10,3840x2160,110,37335.331745,44.737223,48.592716,47.908505,28.283040,22.462970,99.976367,99.971481,43.655419,46.605059,44.658875,48.449673,47.757372,0.982764,,,,,,,f8b71f09eec3bface33ee31e8f41476a,
AS,aom,av2,0,A1,Neon1224,3840x2160,30.0000,10,3840x2160,135,16169.389995,41.536589,45.796388,44.955848,24.002539,19.709393,99.330065,98.558123,39.828743,44.014910,41.433634,45.723961,44.857029,1.229566,,,,,,,c2100e5a7543dee68863ce44c9f1c774,
AS,aom,av2,0,A1,Neon1224,3840x2160,30.0000,10,3840x2160,160,7088.872973,38.696162,42.795145,41.762255,20.531761,17.361749,91.424528,89.204841,36.043383,41.453785,38.596666,42.711536,41.638521,1.389981,,,,,,,1648d4298817420a0d10ae36cbc2f0b8,
AS,aom,av2,0,A1,Neon1224,3840x2160,30.0000,10,3840x2160,185,3272.655345,35.790244,39.620561,38.380063,17.137728,14.933802,76.266350,73.589724,32.223716,38.711426,35.682950,39.506078,38.209892,1.508084,,,,,,,fca2cdea622c1e60c4eb4d957908980e,
AS,aom,av2,0,A1,Neon1224,3840x2160,30.0000,10,3840x2160,210,1457.449013,32.596226,36.276227,34.755320,13.570541,12.334009,56.214753,53.805620,28.380409,35.631041,32.479302,36.132366,34.535462,1.533136,,,,,,,e14dfb52556d3a1762b54b2a6d5c6c61,
AS,aom,av2,0,A1,Neon1224,3840x2160,30.0000,10,3840x2160,235,614.675171,29.402448,32.918029,31.082087,10.287782,9.894978,33.187827,31.711652,24.837270,32.433487,29.290874,32.746127,30.827933,1.474404,,,,,,,3116672056c5f03d8d0f1a665294fdc6,
AS,aom,av2,0,A1,Neon1224,3840x2160,30.0000,10,2560x1440,110,21742.017367,42.158055,46.991072,46.166294,25.626844,20.691889,99.898535,99.604270,41.306183,44.892887,42.114661,46.906778,46.061768,1.131567,,,,,,,8d937cd57c874a422377b32908bb8e35,
AS,aom,av2,0,A1,Neon1224,3840x2160,30.0000,10,2560x1440,135,9889.849842,39.742222,44.245543,43.258867,22.061293,18.394939,96.040686,94.264610,37.720491,42.617242,39.671003,44.174424,43.154244,1.367069,,,,,,,8c728b173d5acfff520c93499ff2f403,
AS,aom,av2,0,A1,Neon1224,3840x2160,30.0000,10,2560x1440,160,4503.761469,37.036760,41.189024,40.013125,18.733085,16.063342,83.233101,80.749371,33.921235,40.068869,36.944555,41.088849,39.868850,1.476841,,,,,,,bf11c8bb3c50ff15abfca32f53d171d4,
AS,aom,av2,0,A1,Neon1224,3840x2160,30.0000,10,2560x1440,185,2055.995697,34.065570,38.026196,36.629814,15.289104,13.567558,65.655312,63.051532,30.151427,37.264780,33.957299,37.897583,36.442012,1.594583,,,,,,,9b24b2e984bb7c1a80f69cb3e3c1bf1d,
AS,aom,av2,0,A1,Neon1224,3840x2160,30.0000,10,2560x1440,210,887.170061,30.935995,34.766255,33.105910,11.872939,11.067378,44.588680,42.487613,26.541516,34.212903,30.826624,34.622321,32.875050,1.669983,,,,,,,b0352ecde896a5d9c840ca51ad5233e4,
AS,aom,av2,0,A1,Neon1224,3840x2160,30.0000,10,2560x1440,235,361.967878,27.868070,31.633425,29.634893,8.915353,8.843208,22.052524,20.975608,23.265932,31.096717,27.766837,31.473500,29.383051,1.556539,,,,,,,7fe926d2bb54d7ee3d9d8f6ab8a7655f,
AS,aom,av2,0,A1,Neon1224,3840x2160,30.0000,10,1920x1080,110,15124.946438,40.563519,45.851139,44.887009,24.020689,19.615772,98.841668,97.682144,39.675868,43.808282,40.529835,45.783484,44.796131,1.301789,,,,,,,a056c861bc825fb09f58fb860b5cd255,
AS,aom,av2,0,A1,Neon1224,3840x2160,30.0000,10,1920x1080,135,7140.235149,38.438094,43.059460,41.931568,20.771682,17.475331,91.191553,88.839127,36.160029,41.613281,38.378675,42.980709,41.817945,1.516198,,,,,,,d9bc4ee82f1d5bae9631264e2c34162c,
AS,aom,av2,0,A1,Neon1224,3840x2160,30.0000,10,1920x1080,160,3272.904326,35.762816,39.970090,38.650285,17.422968,15.100693,75.946161,73.334463,32.365598,39.027469,35.674128,39.859394,38.493411,1.679471,,,,,,,540c778a4c1fef8a94021161f30424fc,
AS,aom,av2,0,A1,Neon1224,3840x2160,30.0000,10,1920x1080,185,1465.189580,32.796345,36.840342,35.301576,13.980876,12.597030,57.207706,54.656137,28.684896,36.200402,32.690980,36.707975,35.102720,1.724561,,,,,,,3adac52972fa302a018e7cf9b7f77395,
AS,aom,av2,0,A1,Neon1224,3840x2160,30.0000,10,1920x1080,210,618.000461,29.774091,33.706906,31.898157,10.765279,10.227243,36.152949,34.335194,25.291521,33.176721,29.672946,33.561136,31.668371,1.798999,,,,,,,85b95d711aa9fc2f0534d5af4e865501,
AS,aom,av2,0,A1,Neon1224,3840x2160,30.0000,10,1920x1080,235,242.984093,26.792457,30.781866,28.634698,8.039176,8.148784,14.601510,13.773455,22.201090,30.219486,26.698031,30.626270,28.390533,1.866404,,,,,,,2e6a2b0582de7e210d77479eda561f4c,
AS,aom,av2,0,A1,Neon1224,3840x2160,30.0000,10,1280x720,110,9121.106586,37.750112,43.732770,42.400857,22.046810,17.971891,91.064909,88.794042,36.133442,41.970808,37.722917,43.682197,42.327860,1.485373,,,,,,,74910830d97b634548cf454b1239a76a,
AS,aom,av2,0,A1,Neon1224,3840x2160,30.0000,10,1280x720,135,4462.662876,36.107745,41.038771,39.640918,18.943962,15.983653,79.007091,76.509482,33.287805,39.895609,36.065644,40.955224,39.522219,1.660539,,,,,,,2b9a3b18f9b04eedfc27f9554eb8c5c7,
AS,aom,av2,0,A1,Neon1224,3840x2160,30.0000,10,1280x720,160,2036.139860,33.730577,38.040107,36.518891,15.533232,13.642111,62.030669,59.600850,29.941738,37.344019,33.659093,37.924694,36.353757,1.901503,,,,,,,62752ffe6474caa5536f76c53f99d47a,
AS,aom,av2,0,A1,Neon1224,3840x2160,30.0000,10,1280x720,185,889.539998,30.991858,35.102644,33.350085,12.198831,11.261724,43.004615,40.995371,26.652431,34.572883,30.902056,34.973629,33.145061,1.960205,,,,,,,38bc1a0f23b4ea953bb7112a2912f973,
AS,aom,av2,0,A1,Neon1224,3840x2160,30.0000,10,1280x720,210,362.958272,28.134237,32.217313,30.222539,9.262346,9.084006,22.893343,21.691695,23.577176,31.668352,28.043487,32.078066,29.988306,2.103715,,,,,,,a806648135b37825d6173f990df17a30,
AS,aom,av2,0,A1,Neon1224,3840x2160,30.0000,10,1280x720,235,134.708369,25.276952,29.632936,27.355134,6.852498,7.198894,4.784346,4.541306,20.744963,28.850839,25.188191,29.491701,27.097176,1.987299,,,,,,,8a890be77ec06f211a656a8f6d485f2d,
AS,aom,av2,0,A1,Neon1224,3840x2160,30.0000,10,960x540,110,6376.276032,35.586479,41.896448,40.201697,20.739093,16.443470,78.788712,76.328121,32.805695,40.454427,35.558432,41.853673,40.135363,1.627669,,,,,,,4fec2f7c183280df6857cfe0ebc20ac1,
AS,aom,av2,0,A1,Neon1224,3840x2160,30.0000,10,960x540,135,3145.840621,34.275522,39.426431,37.785434,17.590929,14.669189,66.098864,63.665960,30.777548,38.520750,34.241105,39.346493,37.674880,1.840886,,,,,,,4b2442f8969200ed2c35bb522b5137e6,
AS,aom,av2,0,A1,Neon1224,3840x2160,30.0000,10,960x540,160,1421.527396,32.215676,36.612817,34.909185,14.171389,12.510908,49.607606,47.493883,28.079757,36.074849,32.157915,36.502368,34.750893,2.077963,,,,,,,efdc016fef2b25b70bc010eaa79c625f,
AS,aom,av2,0,A1,Neon1224,3840x2160,30.0000,10,960x540,185,615.827864,29.727449,33.873034,31.966798,10.994251,10.324913,32.205354,30.624903,25.241983,33.421700,29.650408,33.748898,31.770167,2.263084,,,,,,,fc6db98606454a25b722f60fac4064dd,
AS,aom,av2,0,A1,Neon1224,3840x2160,30.0000,10,960x540,210,244.039038,26.984920,31.218995,29.106800,8.259131,8.301550,14.077226,13.286514,22.417115,30.613432,26.901257,31.089456,28.877435,2.331867,,,,,,,9ea274c6e35b7fb0de1a2aeba2bc40fd,
AS,aom,av2,0,A1,Neon1224,3840x2160,30.0000,10,960x540,235,86.116345,24.244358,28.864448,26.489939,6.162893,6.614879,1.921620,1.848541,19.771940,27.869998,24.165878,28.734751,26.234548,2.449622,,,,,,,646a1881ae07b091a23082e7d715e01e,
AS,aom,av2,0,A1,Neon1224,3840x2160,30.0000,10,640x360,110,3795.024668,32.783516,39.139129,37.049774,18.350724,14.177139,53.213850,51.266604,28.708603,38.171455,32.754352,39.096865,36.978977,1.739849,,,,,,,38e0738375e126b840739337e41024db,
AS,aom,av2,0,A1,Neon1224,3840x2160,30.0000,10,640x360,135,1884.487820,31.815624,37.071209,35.155131,15.342732,12.737546,42.048351,40.291597,27.495359,36.458673,31.786483,36.996111,35.047792,1.966358,,,,,,,889de3ce356a2c6cfdd48d95c59272b6,
AS,aom,av2,0,A1,Neon1224,3840x2160,30.0000,10,640x360,160,841.711519,30.141341,34.593227,32.711613,12.183215,10.925894,28.634330,27.297367,25.597421,34.195621,30.097158,34.489566,32.555176,2.255952,,,,,,,508b0e64e3a06a5b97e37f197f1060ae,
AS,aom,av2,0,A1,Neon1224,3840x2160,30.0000,10,640x360,185,358.369630,27.943201,32.187456,30.126972,9.354433,9.046164,14.998295,14.251348,23.322710,31.752160,27.880184,32.066433,29.931068,2.456249,,,,,,,c615aa157546b07926c4178156072f18,
AS,aom,av2,0,A1,Neon1224,3840x2160,30.0000,10,640x360,210,134.712057,25.374417,29.945559,27.644802,6.996419,7.285094,3.048192,2.911120,20.844573,29.116815,25.298893,29.824293,27.415552,2.644531,,,,,,,040b9854e030e5a581e154333ae8d3a3,
AS,aom,av2,0,A1,Neon1224,3840x2160,30.0000,10,640x360,235,43.962806,22.901945,27.794274,25.349935,5.314007,5.871251,0.270168,0.269674,18.524935,26.450758,22.835603,27.665702,25.093132,2.559399,,,,,,,00584dd197d8cbbb030a3cc4cfa4f9bc,
AS,aom,av2,0,A1,NocturneDance,3840x2160,60.0000,10,3840x2160,110,44729.593846,46.282111,43.750858,48.813509,26.894750,21.793166,93.540169,91.465891,43.293640,44.919329,46.205676,43.690667,48.763360,0.604449,,,,,,,0182dd33b5bb3c00af3e16aa4fd62988,
AS,aom,av2,0,A1,NocturneDance,3840x2160,60.0000,10,3840x2160,135,18827.243077,43.142259,41.917636,47.336658,22.846369,18.676884,84.622243,82.259061,39.447678,42.838930,43.072230,41.884773,47.306277,0.776535,,,,,,,ad8ceb133cc313a04ea68d64ff4ce00d,
AS,aom,av2,0,A1,NocturneDance,3840x2160,60.0000,10,3840x2160,160,7760.219077,39.968301,40.290930,45.798826,18.814243,15.599251,69.123375,66.702399,35.807664,40.853990,39.887779,40.268604,45.774797,0.833110,,,,,,,00b627293c06948eea799d9e6629f6f8,
AS,aom,av2,0,A1,NocturneDance,3840x2160,60.0000,10,3840x2160,185,3066.801231,36.724289,38.625719,44.133357,14.667416,12.412000,47.104653,45.398879,32.272636,38.769756,36.632429,38.604264,44.114569,0.963541,,,,,,,29c5fa2c7ec2b380480e5cdd9812ab6e,
AS,aom,av2,0,A1,NocturneDance,3840x2160,60.0000,10,3840x2160,210,880.892308,33.514661,36.899790,42.479499,10.332056,9.284761,23.000880,22.330417,28.967027,36.577193,33.423204,36.877675,42.466114,1.398865,,,,,,,c0d05784f50da8512c33d19529cfd707,
AS,aom,av2,0,A1,NocturneDance,3840x2160,60.0000,10,3840x2160,235,181.779692,31.492522,35.591781,40.710493,7.742579,7.524554,8.069624,7.856544,27.011767,34.833958,31.451961,35.580009,40.703267,1.860035,,,,,,,b0aba92b405565043d77e8fdeee37ad1,
AS,aom,av2,0,A1,NocturneDance,3840x2160,60.0000,10,2560x1440,110,27288.310154,44.436100,42.397420,47.787321,24.527760,19.944375,89.115575,86.896253,41.007968,43.545384,44.369100,42.364971,47.752514,0.826170,,,,,,,0d98ffd2c8a5479d5c0d51f82dd2f627,
AS,aom,av2,0,A1,NocturneDance,3840x2160,60.0000,10,2560x1440,135,11466.823385,41.323365,40.901078,46.463166,20.566988,16.904173,76.582218,74.231161,37.340553,41.668139,41.251138,40.878467,46.439098,0.927763,,,,,,,f698f916bcb59531ec9145b6c0965aac,
AS,aom,av2,0,A1,NocturneDance,3840x2160,60.0000,10,2560x1440,160,4569.175385,38.135030,39.351026,44.931476,16.540045,13.825628,57.049527,55.004822,33.794795,39.704376,38.048878,39.328914,44.908777,1.024061,,,,,,,3e95bd54d2e51d60e65885cd2c8529c8,
AS,aom,av2,0,A1,NocturneDance,3840x2160,60.0000,10,2560x1440,185,1580.488615,34.945051,37.755187,43.334677,12.320822,10.683754,33.636200,32.480543,30.419755,37.641251,34.853760,37.732271,43.318125,1.359151,,,,,,,dca14179834f2a97f5575059ddffd97f,
AS,aom,av2,0,A1,NocturneDance,3840x2160,60.0000,10,2560x1440,210,361.447385,32.233604,36.234633,41.785460,8.649366,8.130821,13.910270,13.505407,27.723751,35.658775,32.168575,36.217357,41.773804,1.996919,,,,,,,2ee1b41d9b9df9fda77ccf6e4c2c1d78,
AS,aom,av2,0,A1,NocturneDance,3840x2160,60.0000,10,2560x1440,235,72.642462,30.922090,35.191534,40.095196,7.164120,7.161092,5.728171,5.505550,26.494924,34.239754,30.899799,35.185423,40.082020,2.232961,,,,,,,a0a0c4b815b522be22a5de8f1a4b0e8a,
AS,aom,av2,0,A1,NocturneDance,3840x2160,60.0000,10,1920x1080,110,19226.492308,43.098792,41.141402,46.802247,22.812544,18.624758,84.950033,82.497453,39.383212,42.448581,43.034525,41.121239,46.775267,0.913122,,,,,,,8016bbb838aa2aecfcdb6720848d74d1,
AS,aom,av2,0,A1,NocturneDance,3840x2160,60.0000,10,1920x1080,135,8082.088615,40.027904,39.965375,45.631536,18.904292,15.644124,69.777578,67.383432,35.868469,40.742967,39.952900,39.947675,45.609336,1.038613,,,,,,,3de4ed9c84b8f39a7320e3e16dbcd9d1,
AS,aom,av2,0,A1,NocturneDance,3840x2160,60.0000,10,1920x1080,160,3027.699692,36.799392,38.575916,44.229798,14.805287,12.518990,47.438307,45.724702,32.355128,38.824688,36.708205,38.554201,44.209852,1.265885,,,,,,,5de0e750f4d3841be5beaeb24844cfcc,
AS,aom,av2,0,A1,NocturneDance,3840x2160,60.0000,10,1920x1080,185,912.269538,33.759000,37.105724,42.794120,10.704592,9.546477,24.509875,23.726016,29.216485,36.847585,33.673122,37.085073,42.781744,1.788479,,,,,,,3878c19a2e9cc39486bdc98f5c72256e,
AS,aom,av2,0,A1,NocturneDance,3840x2160,60.0000,10,1920x1080,210,190.951385,31.664154,35.871474,41.323340,7.948091,7.665320,9.957874,9.679048,27.185043,35.171636,31.621344,35.856614,41.312605,2.451211,,,,,,,c9956f01416c8e43e9448a2a7a8feb75,
AS,aom,av2,0,A1,NocturneDance,3840x2160,60.0000,10,1920x1080,235,41.106462,30.597448,34.937444,39.727276,6.892620,6.992432,3.839264,3.729708,26.207104,33.857385,30.580758,34.932246,39.719206,2.895505,,,,,,,e0129d08b1643aed9f3f7de63731c663,
AS,aom,av2,0,A1,NocturneDance,3840x2160,60.0000,10,1280x720,110,11343.145846,41.019062,39.212290,45.302628,20.480271,16.685008,75.340450,72.976941,36.964999,40.805290,40.968009,39.195113,45.277924,0.889686,,,,,,,3eb69bd8713db42e465852925d4b2b58,
AS,aom,av2,0,A1,NocturneDance,3840x2160,60.0000,10,1280x720,135,4694.329846,38.094645,38.457195,44.410642,16.559913,13.792612,56.738658,54.687199,33.720284,39.347082,38.018501,38.441306,44.389427,1.100826,,,,,,,011afc767decbefd1e95624845014440,
AS,aom,av2,0,A1,NocturneDance,3840x2160,60.0000,10,1280x720,160,1552.711385,34.958538,37.451672,43.335414,12.369767,10.722335,32.881120,31.785193,30.422397,37.577184,34.868410,37.431802,43.319668,1.576052,,,,,,,04a9fc97983ba4056e08debd9c82609d,
AS,aom,av2,0,A1,NocturneDance,3840x2160,60.0000,10,1280x720,185,373.148308,32.396122,36.331389,42.089686,8.883471,8.296954,14.294421,13.869050,27.879061,35.820962,32.331776,36.314227,42.076648,2.350229,,,,,,,5e1ad6b2febcdf9a2d166139565facc0,
AS,aom,av2,0,A1,NocturneDance,3840x2160,60.0000,10,1280x720,210,75.352615,31.086271,35.446260,40.582055,7.315720,7.261826,6.481822,6.290792,26.653780,34.538319,31.062352,35.438355,40.568010,3.158823,,,,,,,647f5561e9e07d0e901fe288537fa112,
AS,aom,av2,0,A1,NocturneDance,3840x2160,60.0000,10,1280x720,235,22.737231,30.028319,34.533743,38.807103,6.550298,6.770875,0.566183,0.519607,25.705399,33.251235,30.015447,34.530599,38.795822,3.418633,,,,,,,c52e4dbb4e13d37edf8235a4d4be6860,
AS,aom,av2,0,A1,NocturneDance,3840x2160,60.0000,10,960x540,110,7469.505231,39.108357,38.106643,44.463096,18.739977,14.904098,63.605796,61.497659,34.765223,39.609033,39.070261,38.089492,44.439603,0.859765,,,,,,,fb332a4f52a5c068a39346aab635f6cd,
AS,aom,av2,0,A1,NocturneDance,3840x2160,60.0000,10,960x540,135,2947.731692,36.548486,37.502857,43.715619,14.736759,12.298591,44.236031,42.677817,32.022233,38.326760,36.481925,37.485791,43.698804,1.209189,,,,,,,6e7bf45a70f8f13d67f26d62cebf3fe9,
AS,aom,av2,0,A1,NocturneDance,3840x2160,60.0000,10,960x540,160,863.062154,33.719027,36.772433,42.794318,10.703448,9.538296,22.695908,21.977457,29.156586,36.734197,33.639079,36.755031,42.781972,1.922897,,,,,,,88884330250428cb3c195f2c38fa4ec8,
AS,aom,av2,0,A1,NocturneDance,3840x2160,60.0000,10,960x540,185,189.031385,31.728106,35.947736,41.608974,8.049324,7.730799,8.544805,8.311890,27.246621,35.285381,31.684086,35.933145,41.592410,2.820258,,,,,,,041451cb0216f80c7ba6fc117a8355ca,
AS,aom,av2,0,A1,NocturneDance,3840x2160,60.0000,10,960x540,210,42.284308,30.702660,35.200318,40.193790,6.985069,7.059221,3.613804,3.502487,26.315075,34.119496,30.685801,35.192892,40.183076,3.621789,,,,,,,4fffc93a3b796513c42ac5423ac48b9d,
AS,aom,av2,0,A1,NocturneDance,3840x2160,60.0000,10,960x540,235,16.615385,29.591621,34.189772,38.393353,6.360174,6.642866,0.011338,0.010673,25.328418,32.789927,29.578107,34.185428,38.385387,3.725203,,,,,,,14649928d8c03f410968adda660f3b25,
AS,aom,av2,0,A1,NocturneDance,3840x2160,60.0000,10,640x360,110,3688.715077,36.157648,37.034848,43.619105,15.511934,12.137216,38.676784,37.309655,31.439553,37.984258,36.125630,37.018512,43.600920,0.801438,,,,,,,2e2ea7a5138a88eaf975d840a1f995ae,
AS,aom,av2,0,A1,NocturneDance,3840x2160,60.0000,10,640x360,135,1274.082462,34.304562,36.656064,42.984210,11.935709,10.168730,22.891901,22.123469,29.645824,36.957275,34.255180,36.640510,42.969563,1.482195,,,,,,,56f100485e2bdd66555395f2f5955485,
AS,aom,av2,0,A1,NocturneDance,3840x2160,60.0000,10,640x360,160,308.167385,32.278643,36.122234,42.022173,8.816888,8.221573,9.198135,8.926045,27.738407,35.715412,32.228220,36.107522,42.008492,2.455943,,,,,,,59cbd14e620ae0480a0ac6ca94e5e594,
AS,aom,av2,0,A1,NocturneDance,3840x2160,60.0000,10,640x360,185,74.470154,31.130187,35.514849,40.766366,7.390231,7.309148,3.573142,3.485218,26.691278,34.637369,31.107244,35.506466,40.755640,3.392277,,,,,,,5c2786b091252284ffb0477e4d862397,
AS,aom,av2,0,A1,NocturneDance,3840x2160,60.0000,10,640x360,210,22.574769,30.139450,34.826380,39.374813,6.627007,6.819980,0.082990,0.080566,25.818788,33.475333,30.125043,34.817424,39.363322,3.816499,,,,,,,a171718581d83cf54e1ef78ff53a8120,
AS,aom,av2,0,A1,NocturneDance,3840x2160,60.0000,10,640x360,235,10.685538,28.888395,33.615721,37.381594,6.111043,6.470123,0.000000,0.000000,24.709216,31.993907,28.872336,33.612340,37.372848,4.058689,,,,,,,6e94b47bfa63f0cd0d015ece517a0111,
AS,aom,av2,0,A1,PierSeaSide,3840x2160,30.0000,10,3840x2160,110,10099.150433,44.480478,47.125400,44.540528,31.420115,23.217686,99.490023,98.696054,44.758641,44.082660,44.332364,47.035933,44.442122,0.000404,,,,,,,4ddc61f4ec9020e353cc750e44009ac5,
AS,aom,av2,0,A1,PierSeaSide,3840x2160,30.0000,10,3840x2160,135,3270.202831,42.736840,46.118905,43.765955,27.795495,20.988113,97.664867,96.003704,41.846436,43.022224,42.490554,46.028679,43.670776,0.000922,,,,,,,084487a0d8cb1d9279ad6c4c2a10b205,
AS,aom,av2,0,A1,PierSeaSide,3840x2160,30.0000,10,3840x2160,160,1063.953443,40.579138,44.837830,42.967966,23.863061,18.533680,92.027783,89.937959,38.657015,41.692879,40.267422,44.753205,42.877805,0.003320,,,,,,,9c82937ec2cbde4a15f8c83d800b428b,
AS,aom,av2,0,A1,PierSeaSide,3840x2160,30.0000,10,3840x2160,185,372.070634,38.241111,43.068733,41.769671,20.535502,16.287281,82.706044,80.397970,35.510810,40.060412,37.946752,43.010248,41.702207,0.014115,,,,,,,e710907c5dc654d46a2e792df40809a7,
AS,aom,av2,0,A1,PierSeaSide,3840x2160,30.0000,10,3840x2160,210,138.267748,35.708308,40.769581,40.038440,17.491835,14.141250,68.617654,66.111285,32.279348,38.041331,35.484928,40.734377,39.987013,0.036839,,,,,,,554bad489a7e58f6aa83c5461d2ef688,
AS,aom,av2,0,A1,PierSeaSide,3840x2160,30.0000,10,3840x2160,235,53.815054,32.974213,38.108530,38.071513,14.504607,11.968624,48.974156,46.678803,28.981714,35.704847,32.833363,38.088597,38.043042,0.089794,,,,,,,e25a43f568061af2b04d1ebe4b4f2ba4,
AS,aom,av2,0,A1,PierSeaSide,3840x2160,30.0000,10,2560x1440,110,5084.673314,43.163770,46.117035,43.371322,29.374213,21.903083,98.449142,97.139355,43.039364,43.076315,42.911558,46.000501,43.232099,0.000698,,,,,,,8d0e1164f5449a1e61576a043e2e9b12,
AS,aom,av2,0,A1,PierSeaSide,3840x2160,30.0000,10,2560x1440,135,1704.872498,41.396260,45.183375,42.817097,25.624041,19.616494,94.816911,92.754405,40.058049,42.077912,41.075996,45.074164,42.687836,0.002370,,,,,,,4766ad4238a5ed30b96cde7540f2a7bf,
AS,aom,av2,0,A1,PierSeaSide,3840x2160,30.0000,10,2560x1440,160,571.134140,39.233705,43.774116,42.023038,21.993224,17.265823,87.219925,84.958846,36.910872,40.723238,38.905320,43.686289,41.915072,0.007871,,,,,,,83db4f5446cb8360337dc0a66951c2ed,
AS,aom,av2,0,A1,PierSeaSide,3840x2160,30.0000,10,2560x1440,185,209.590815,36.883516,41.832179,40.734521,18.943533,15.140014,75.703993,73.280181,33.782466,39.004406,36.620470,41.779035,40.663816,0.027430,,,,,,,25a2e1c47c2bb8cdaa0945b42eabdd4b,
AS,aom,av2,0,A1,PierSeaSide,3840x2160,30.0000,10,2560x1440,210,80.267959,34.280761,39.462500,39.089906,16.016355,13.042465,58.832733,56.242326,30.545739,36.935531,34.098087,39.432890,39.042604,0.082594,,,,,,,1cea302414b841bba18c74028e79e9de,
AS,aom,av2,0,A1,PierSeaSide,3840x2160,30.0000,10,2560x1440,235,32.020870,31.508885,36.977048,37.383523,12.975132,10.842312,37.157830,35.094616,27.332909,34.598244,31.400704,36.962489,37.356179,0.176021,,,,,,,9362c4a950d07a1a84413a5c1afc1a46,
AS,aom,av2,0,A1,PierSeaSide,3840x2160,30.0000,10,1920x1080,110,3076.895409,41.498429,44.959852,42.562218,27.798483,20.659916,95.924016,93.889256,41.388753,42.076817,41.076540,44.827904,42.410873,0.001438,,,,,,,1ab24e98502f9c97f43a4439c61ea6f3,
AS,aom,av2,0,A1,PierSeaSide,3840x2160,30.0000,10,1920x1080,135,1057.527875,40.000610,44.100928,42.103925,24.163545,18.531921,90.832990,88.633102,38.584931,41.165183,39.581962,43.981860,41.968625,0.004766,,,,,,,d8ae935f03894562e97777c16971a01a,
AS,aom,av2,0,A1,PierSeaSide,3840x2160,30.0000,10,1920x1080,160,370.176530,38.048510,42.721734,41.285614,20.768569,16.350562,82.048875,79.719997,35.569085,39.863902,37.693941,42.638693,41.181797,0.017323,,,,,,,fce553cfe876115d2b82cfca7a62d376,
AS,aom,av2,0,A1,PierSeaSide,3840x2160,30.0000,10,1920x1080,185,141.224173,35.772512,40.810365,40.025107,17.832233,14.296033,68.864799,66.391416,32.468491,38.173573,35.520767,40.755275,39.957563,0.058564,,,,,,,0bb84aaa985f5242a087e51d0da815dc,
AS,aom,av2,0,A1,PierSeaSide,3840x2160,30.0000,10,1920x1080,210,54.785160,33.205481,38.559107,38.390731,14.955342,12.223345,50.193677,47.799199,29.288171,36.097384,33.043155,38.533372,38.353250,0.135246,,,,,,,1670f10172f49310ef03fea630e7316e,
AS,aom,av2,0,A1,PierSeaSide,3840x2160,30.0000,10,1920x1080,235,21.689058,30.481458,36.305915,36.906900,11.918204,10.056801,28.506731,26.563427,26.223499,33.860200,30.386566,36.291551,36.883834,0.233714,,,,,,,aa6d94e45bb89f4a5da7318f8a124a06,
AS,aom,av2,0,A1,PierSeaSide,3840x2160,30.0000,10,1280x720,110,1455.870672,38.251233,42.920945,41.514401,25.220954,18.234165,87.052352,84.737676,36.921725,40.284689,37.731954,42.812859,41.380579,0.002059,,,,,,,88ce71334a41094686ad691760726644,
AS,aom,av2,0,A1,PierSeaSide,3840x2160,30.0000,10,1280x720,135,525.113130,37.307424,42.212257,41.088825,22.038495,16.620474,80.919032,78.560528,35.192069,39.543852,36.835457,42.118846,40.972053,0.007230,,,,,,,0503ed27a129c28b9509cac07171bcdd,
AS,aom,av2,0,A1,PierSeaSide,3840x2160,30.0000,10,1280x720,160,200.336079,35.926489,41.011858,40.251566,19.116578,14.891839,71.081179,68.680191,32.998133,38.444631,35.560127,40.944442,40.165014,0.026453,,,,,,,2444a8a362f29293fbf82cfa77407e88,
AS,aom,av2,0,A1,PierSeaSide,3840x2160,30.0000,10,1280x720,185,80.236606,33.989487,39.353491,38.988394,16.273892,13.018796,55.887926,53.510845,30.340599,36.894646,33.758073,39.315577,38.932436,0.098497,,,,,,,a2744de2aa6574180e457bcbe0b4e9c0,
AS,aom,av2,0,A1,PierSeaSide,3840x2160,30.0000,10,1280x720,210,31.736847,31.593226,37.341632,37.550820,13.349981,11.005042,36.428196,34.304300,27.462321,34.875393,31.464479,37.320783,37.519601,0.199131,,,,,,,f18c9def8b49aad433606a5664f560c5,
AS,aom,av2,0,A1,PierSeaSide,3840x2160,30.0000,10,1280x720,235,12.760765,29.015836,35.142971,36.128847,10.337651,8.888600,15.511878,14.032885,24.698594,32.650641,28.951563,35.127779,36.102167,0.316726,,,,,,,377b42925ca1e96ab1621e3cf2100e3a,
AS,aom,av2,0,A1,PierSeaSide,3840x2160,30.0000,10,960x540,110,835.770162,35.697682,41.325743,40.727241,23.680035,15.946536,73.819133,71.510217,32.757557,38.809166,35.286665,41.248771,40.619296,0.003799,,,,,,,7e77dbf0b389c7a2c173113177c09cb0,
AS,aom,av2,0,A1,PierSeaSide,3840x2160,30.0000,10,960x540,135,320.088822,35.090477,40.757702,40.326473,20.720586,14.864390,67.656280,65.350898,31.855609,38.206087,34.715983,40.689627,40.233492,0.014904,,,,,,,4844e38d70454e3f413aff94b97483ba,
AS,aom,av2,0,A1,PierSeaSide,3840x2160,30.0000,10,960x540,160,130.241321,34.108390,39.741697,39.535284,17.888513,13.536917,57.378411,55.177952,30.493456,37.268324,33.804338,39.692727,39.465151,0.052967,,,,,,,55660edf886cb458eb0f5893c48c03d5,
AS,aom,av2,0,A1,PierSeaSide,3840x2160,30.0000,10,960x540,185,53.691486,32.528758,38.275569,38.372128,15.116060,11.948496,42.085591,40.125307,28.511554,35.855814,32.334456,38.242786,38.320317,0.153051,,,,,,,7e30f3feeb49517c2646109bd07884de,
AS,aom,av2,0,A1,PierSeaSide,3840x2160,30.0000,10,960x540,210,21.661394,30.365779,36.462208,37.021324,12.141305,10.058755,23.553849,21.983750,26.081558,33.967397,30.258075,36.442751,36.991019,0.264457,,,,,,,65dd572ad72d035603743d9df9233c9d,
AS,aom,av2,0,A1,PierSeaSide,3840x2160,30.0000,10,960x540,235,8.784438,27.947699,34.451565,35.627430,9.200687,8.039703,4.549934,3.699877,23.615522,31.853590,27.891842,34.435320,35.600172,0.340092,,,,,,,d03c4e98c0be8f6cb520c5a60379ef77,
AS,aom,av2,0,A1,PierSeaSide,3840x2160,30.0000,10,640x360,110,377.478144,32.463203,39.478450,39.654485,20.087533,12.893953,43.026689,41.295526,28.165592,36.753074,32.233855,39.428593,39.572898,0.007720,,,,,,,503160ef5a778304e4a48c6f874d7129,
AS,aom,av2,0,A1,PierSeaSide,3840x2160,30.0000,10,640x360,135,155.174516,32.146121,39.025664,39.273440,18.102155,12.322285,37.988500,36.351170,27.801379,36.315005,31.924985,38.980782,39.203117,0.031235,,,,,,,6615d90d8db73a9a5bb43dd84da101dc,
AS,aom,av2,0,A1,PierSeaSide,3840x2160,30.0000,10,640x360,160,67.990403,31.562259,38.223666,38.539696,15.823313,11.507541,29.890980,28.360465,27.158100,35.572857,31.369893,38.186845,38.486347,0.103453,,,,,,,62c49bd490813ba9a2f620bc13ac9cf9,
AS,aom,av2,0,A1,PierSeaSide,3840x2160,30.0000,10,640x360,185,29.510767,30.429346,36.991141,37.483582,13.203774,10.284017,17.890366,16.619908,25.975518,34.372585,30.296519,36.967129,37.446761,0.210574,,,,,,,93a26be9fa9d11ece74e118d418af680,
AS,aom,av2,0,A1,PierSeaSide,3840x2160,30.0000,10,640x360,210,12.358706,28.715823,35.291246,36.276687,10.466565,8.732671,4.480290,3.588313,24.286921,32.607788,28.638709,35.275722,36.238707,0.271489,,,,,,,b26ce1539a28ae62acbb595fc0737fca,
AS,aom,av2,0,A1,PierSeaSide,3840x2160,30.0000,10,640x360,235,5.531079,26.711330,33.408885,34.997070,7.899433,7.096103,0.000000,0.000000,22.415981,30.584308,26.668497,33.398733,34.963728,0.378415,,,,,,,6b85571593eee46a9a5f88a52c5b6e92,
AS,aom,av2,0,A1,Tango,3840x2160,60.0000,10,3840x2160,110,26480.098363,40.413847,49.701787,47.942895,27.354664,18.233046,97.316137,95.604726,41.311273,42.547744,40.347431,49.691848,47.918910,0.341517,,,,,,,86e99a9454079580f0c0e0a81473392c,
AS,aom,av2,0,A1,Tango,3840x2160,60.0000,10,3840x2160,135,8754.420964,39.777501,49.023000,46.843647,24.847192,17.350846,93.107028,91.029729,39.676753,41.860972,39.767389,49.018921,46.829130,0.526912,,,,,,,24f6d276d58c55c18fcbae9ec2591910,
AS,aom,av2,0,A1,Tango,3840x2160,60.0000,10,3840x2160,160,3409.818489,38.829415,47.909713,45.206393,21.840006,16.191809,85.137502,82.729841,37.506694,40.856516,38.822314,47.901981,45.186454,0.597546,,,,,,,e172f8d69e25e81cf6912d64bb50cb46,
AS,aom,av2,0,A1,Tango,3840x2160,60.0000,10,3840x2160,185,1650.513179,37.293548,46.326174,42.987366,18.420099,14.597716,72.202951,69.604334,34.795055,39.372950,37.277304,46.312073,42.959938,0.653906,,,,,,,70d312fec02d6e5fb79a65d8dfeddecc,
AS,aom,av2,0,A1,Tango,3840x2160,60.0000,10,3840x2160,210,789.419811,35.043458,44.050412,40.358271,14.848668,12.627938,54.962802,52.373484,31.703332,37.312815,35.013344,44.029490,40.328416,0.813802,,,,,,,d7d5cdac471cb8ebe455574d79ea530d,
AS,aom,av2,0,A1,Tango,3840x2160,60.0000,10,3840x2160,235,362.141243,32.266837,41.439452,37.448639,11.484365,10.515549,36.745500,34.735857,28.509704,34.801119,32.225163,41.418992,37.420589,0.808791,,,,,,,36d83d0f56641afd5eec282381b72b91,
AS,aom,av2,0,A1,Tango,3840x2160,60.0000,10,2560x1440,110,12331.304388,40.022625,49.326750,47.277506,25.909203,17.707699,95.160638,93.202696,40.366403,42.135455,40.011133,49.321908,47.262101,0.441739,,,,,,,07736a95a6a5f3f2020e682741b5c820,
AS,aom,av2,0,A1,Tango,3840x2160,60.0000,10,2560x1440,135,4829.947898,39.310546,48.507806,45.996821,23.332360,16.767804,89.380284,87.118037,38.556458,41.363240,39.305598,48.502603,45.980712,0.515124,,,,,,,e6c1fe6153666f2bf1bb5b60348a82b2,
AS,aom,av2,0,A1,Tango,3840x2160,60.0000,10,2560x1440,160,2209.449627,38.056848,47.193363,44.096453,20.012004,15.371305,78.476224,76.011612,36.062670,40.125912,38.045422,47.182810,44.072189,0.644551,,,,,,,138677f668e01283faaa7bdec218a0a6,
AS,aom,av2,0,A1,Tango,3840x2160,60.0000,10,2560x1440,185,1064.605548,36.173284,45.402236,41.744295,16.537163,13.590979,63.219259,60.596605,33.181826,38.417178,36.151010,45.386949,41.714839,0.768693,,,,,,,8e2555aab684239ce45c0c3c6ad63608,
AS,aom,av2,0,A1,Tango,3840x2160,60.0000,10,2560x1440,210,495.846308,33.663954,43.166938,39.092328,13.123114,11.559150,45.867229,43.398113,30.077398,36.200167,33.628819,43.139071,39.059846,0.844120,,,,,,,75f25417192f1ab68b3320fc0ca0af47,
AS,aom,av2,0,A1,Tango,3840x2160,60.0000,10,2560x1440,235,223.124568,30.771803,40.361358,36.247092,10.031098,9.537965,28.315588,26.760730,26.961489,33.522484,30.727312,40.325976,36.215038,0.840677,,,,,,,bae94dbcf547c211771f9f06cdc8142e,
AS,aom,av2,0,A1,Tango,3840x2160,60.0000,10,1920x1080,110,8116.005840,39.736725,48.997771,46.639995,24.906708,17.328676,93.023250,90.868007,39.632242,41.805602,39.730981,48.993267,46.625735,0.511215,,,,,,,c6d9f071121b5e021ed196821da967f8,
AS,aom,av2,0,A1,Tango,3840x2160,60.0000,10,1920x1080,135,3509.702605,38.870942,48.046877,45.214969,22.104802,16.264476,85.656225,83.228127,37.613496,40.912731,38.864572,48.040090,45.195895,0.597300,,,,,,,a9d4260437cd2e6991d20f56fb18423d,
AS,aom,av2,0,A1,Tango,3840x2160,60.0000,10,1920x1080,160,1635.854607,37.375140,46.598518,43.192142,18.655809,14.700453,72.761024,70.270463,34.938604,39.514135,37.359760,46.585255,43.165536,0.765987,,,,,,,8fb5429c8a7fa4acb19459b45cc15923,
AS,aom,av2,0,A1,Tango,3840x2160,60.0000,10,1920x1080,185,778.844540,35.281215,44.629895,40.771448,15.240263,12.840115,56.437322,53.932114,32.013661,37.638968,35.254346,44.605039,40.739524,0.915202,,,,,,,27ab3f0f8446c29e437d12b4d014a347,
AS,aom,av2,0,A1,Tango,3840x2160,60.0000,10,1920x1080,210,355.571813,32.624689,42.348903,38.122041,11.910565,10.785447,39.219363,36.988827,28.924665,35.323032,32.587425,42.316643,38.089910,1.087853,,,,,,,0771c983cd838720696230a3de3e4b88,
AS,aom,av2,0,A1,Tango,3840x2160,60.0000,10,1920x1080,235,155.892108,29.739290,39.755133,35.425032,9.113755,8.910575,22.581255,21.179195,25.925398,32.651630,29.693841,39.719117,35.394331,1.044011,,,,,,,7969d7df0f88da2531fbc68c63178af9,
AS,aom,av2,0,A1,Tango,3840x2160,60.0000,10,1280x720,110,4807.620687,39.124554,48.316855,45.391295,23.241977,16.639175,87.595119,85.275003,38.242932,41.162337,39.120013,48.311246,45.374798,0.572623,,,,,,,2853e2fc70c73b686f6904ec18dbd89f,
AS,aom,av2,0,A1,Tango,3840x2160,60.0000,10,1280x720,135,2285.564282,38.002524,47.199997,43.831580,20.178818,15.372806,77.638533,75.148330,36.003559,40.084737,37.991787,47.190753,43.808818,0.694013,,,,,,,565e4b7583df8c43e48be32b72c6b7ce,
AS,aom,av2,0,A1,Tango,3840x2160,60.0000,10,1280x720,160,1067.888419,36.203382,45.502747,41.734619,16.729453,13.649772,62.697227,60.259314,33.229400,38.470248,36.181733,45.485641,41.705477,0.915977,,,,,,,feb90dae10ffcd6910d24a84f8de2e90,
AS,aom,av2,0,A1,Tango,3840x2160,60.0000,10,1280x720,185,495.097518,33.847529,43.434070,39.353782,13.389880,11.709519,45.688879,43.552469,30.291390,36.415844,33.815274,43.404542,39.317862,1.136146,,,,,,,66511d78dd0d33ced5fe59273f0dd346,
AS,aom,av2,0,A1,Tango,3840x2160,60.0000,10,1280x720,210,220.535157,31.094315,41.211435,36.735039,10.366428,9.759373,29.979716,28.252647,27.311971,33.985863,31.053911,41.191226,36.704506,1.323456,,,,,,,7661b062852204676008a0c78b417fe2,
AS,aom,av2,0,A1,Tango,3840x2160,60.0000,10,1280x720,235,93.661416,28.193204,38.935516,34.128123,7.876466,8.037154,13.035627,12.205403,24.403399,31.299748,28.148062,38.915157,34.093934,1.222317,,,,,,,d1c7d55c3c6298d3e8b6b69ad7d5c20d,
AS,aom,av2,0,A1,Tango,3840x2160,60.0000,10,960x540,110,3508.695612,38.408181,47.635711,44.210047,21.875951,15.941822,80.377281,78.014498,36.764423,40.495316,38.401843,47.628487,44.191858,0.652675,,,,,,,ba42b5a38fb298f73267d727eb426606,
AS,aom,av2,0,A1,Tango,3840x2160,60.0000,10,960x540,135,1689.501883,37.137377,46.415823,42.642991,18.738941,14.587721,68.811957,66.397840,34.567732,39.324372,37.122736,46.404660,42.619176,0.801649,,,,,,,23e5b8f427ca213a9d6a9328e2cda5c0,
AS,aom,av2,0,A1,Tango,3840x2160,60.0000,10,960x540,160,780.519173,35.188019,44.662554,40.645830,15.334266,12.818305,53.543594,51.262407,31.882816,37.619212,35.161888,44.641485,40.614859,1.037173,,,,,,,378213b879ba43ed3aa1e6440652a29f,
AS,aom,av2,0,A1,Tango,3840x2160,60.0000,10,960x540,185,355.391070,32.742298,42.593907,38.236918,12.125194,10.896033,37.106446,35.343392,29.041742,35.451515,32.707213,42.565362,38.201784,1.313689,,,,,,,23a834be084eaa70afa4050beff46df3,
AS,aom,av2,0,A1,Tango,3840x2160,60.0000,10,960x540,210,156.353185,30.000658,40.371660,35.781895,9.362270,9.076329,22.185648,20.927197,26.195177,33.022409,29.957857,40.339640,35.749005,1.448569,,,,,,,ade07542d8975c1db1d6c1963a2ed9c0,
AS,aom,av2,0,A1,Tango,3840x2160,60.0000,10,960x540,235,66.184892,27.116882,38.064608,33.202250,7.139079,7.497887,5.801829,5.371211,23.351487,30.317484,27.071654,38.035686,33.170961,1.394231,,,,,,,d776f9418f6c6d056bd52a1289fdc801,
AS,aom,av2,0,A1,Tango,3840x2160,60.0000,10,640x360,110,2238.128641,36.782786,46.390192,42.274777,19.497690,14.525551,61.032349,58.932227,33.839104,39.218510,36.774424,46.381574,42.253660,0.736116,,,,,,,76f78f7f1a8dfe0bbb2a49d450b845cc,
AS,aom,av2,0,A1,Tango,3840x2160,60.0000,10,640x360,135,1086.744640,35.487678,45.151675,40.810855,16.522994,13.224218,49.189010,47.149194,32.109266,38.005984,35.470187,45.139676,40.783771,0.933405,,,,,,,666634915ef544e7874659061bb8bdbc,
AS,aom,av2,0,A1,Tango,3840x2160,60.0000,10,640x360,160,496.842235,33.512713,43.373688,38.911459,13.345287,11.540531,34.999751,33.310032,29.810821,36.227277,33.484306,43.352992,38.879873,1.199560,,,,,,,5ed02cea862d9473c95aced15075bf2c,
AS,aom,av2,0,A1,Tango,3840x2160,60.0000,10,640x360,185,221.376162,31.082824,41.280670,36.717969,10.469046,9.781223,21.312941,20.206912,27.256852,34.015663,31.046270,41.249811,36.685848,1.506160,,,,,,,f35418cb2b80a6fdf798bd41a5b39a6c,
AS,aom,av2,0,A1,Tango,3840x2160,60.0000,10,640x360,210,94.402828,28.398196,39.211777,34.282201,8.089877,8.177800,8.751651,8.272148,24.592246,31.557050,28.354474,39.196915,34.248673,1.660782,,,,,,,48ef37688f325eed67a3548040c4200f,
AS,aom,av2,0,A1,Tango,3840x2160,60.0000,10,640x360,235,40.073158,25.639879,37.161552,31.856584,6.246340,6.812569,0.356445,0.333193,21.925834,28.908674,25.597358,37.148838,31.826417,1.520270,,,,,,,9677a810df07502927e30fba50dd1c8d,
AS,aom,av2,0,A1,TimeLapse,3840x2160,60.0000,10,3840x2160,110,26177.052486,43.525076,49.532012,51.308818,31.528759,23.215318,95.000674,93.291244,45.082714,44.657127,43.430104,49.508781,51.235834,0.009313,,,,,,,d217d5be37cddfe6b1713b35f0274a57,
AS,aom,av2,0,A1,TimeLapse,3840x2160,60.0000,10,3840x2160,135,9375.016368,41.592229,47.892389,49.522511,27.776072,20.746254,91.930884,89.928058,41.406976,43.038283,41.525568,47.882157,49.482813,0.007923,,,,,,,52e0389af7190b1cf8e15be0929aacac,
AS,aom,av2,0,A1,TimeLapse,3840x2160,60.0000,10,3840x2160,160,3435.716284,39.370776,45.908177,47.343802,23.833594,18.046776,86.026910,83.705843,37.704379,41.056955,39.308337,45.900434,47.322570,0.006054,,,,,,,cc1c36ee46177eefb63c8ebff24c4595,
AS,aom,av2,0,A1,TimeLapse,3840x2160,60.0000,10,3840x2160,185,1303.845693,36.935784,43.801138,45.056795,20.070925,15.286733,76.469877,73.845395,34.213177,38.809223,36.869562,43.791009,45.038845,0.008857,,,,,,,57279266adcc6684571747e1420e4d49,
AS,aom,av2,0,A1,TimeLapse,3840x2160,60.0000,10,3840x2160,210,481.198801,34.314114,41.555727,42.766096,16.248218,12.494831,61.575480,58.994445,30.847766,36.372714,34.240150,41.546319,42.748243,0.011633,,,,,,,c58a293949bf07f3ef7e7b87abb2ebe9,
AS,aom,av2,0,A1,TimeLapse,3840x2160,60.0000,10,3840x2160,235,170.189195,31.632415,39.040956,40.008351,12.508966,9.929906,43.979090,41.610793,27.726117,33.690934,31.548923,39.029381,39.978041,0.014509,,,,,,,d9e74f0e6832f60533ea57c5f4ece3ef,
AS,aom,av2,0,A1,TimeLapse,3840x2160,60.0000,10,2560x1440,110,13553.904557,41.927467,48.227366,50.003233,29.377945,21.697741,92.886188,90.810181,42.851961,43.359872,41.860455,48.215235,49.948218,0.009988,,,,,,,a954c5d4d539be54d075c75dcb139274,
AS,aom,av2,0,A1,TimeLapse,3840x2160,60.0000,10,2560x1440,135,5196.249904,40.139363,46.634796,48.282241,25.648384,19.226612,88.628843,86.311748,39.293306,41.802621,40.077049,46.627835,48.247272,0.007640,,,,,,,2c3a796473d2ef6be90aa79ad1dc5363,
AS,aom,av2,0,A1,TimeLapse,3840x2160,60.0000,10,2560x1440,160,1960.253900,37.913072,44.728453,46.158498,21.783534,16.504752,80.795888,78.259481,35.730676,39.802563,37.849131,44.721585,46.136330,0.010662,,,,,,,d00eff125fe51c0492067d896ab1d323,
AS,aom,av2,0,A1,TimeLapse,3840x2160,60.0000,10,2560x1440,185,736.720510,35.458079,42.657424,43.973143,18.032972,13.746524,68.569799,65.950410,32.343597,37.544818,35.387742,42.649796,43.953617,0.014706,,,,,,,8bced5c9da05f6256a014216089ee77f,
AS,aom,av2,0,A1,TimeLapse,3840x2160,60.0000,10,2560x1440,210,265.163759,32.860444,40.459826,41.863465,14.242781,11.089394,51.775581,49.336355,29.153428,35.106200,32.778189,40.447451,41.843338,0.018732,,,,,,,14253e8a01acf14a226e4ab5432bc48d,
AS,aom,av2,0,A1,TimeLapse,3840x2160,60.0000,10,2560x1440,235,95.251210,30.301446,38.105111,39.231684,10.799102,8.824802,35.396458,33.312157,26.301769,32.522456,30.215332,38.097422,39.199824,0.021680,,,,,,,b7dbbafa9b44b651c314d71ad5d51e46,
AS,aom,av2,0,A1,TimeLapse,3840x2160,60.0000,10,1920x1080,110,8639.609006,40.319177,47.024449,48.937157,27.790015,20.303903,89.847987,87.481264,40.935862,42.106866,40.249399,47.016606,48.901745,0.013749,,,,,,,8ff3dd61e2238eb7472aa145f9a4aaa1,
AS,aom,av2,0,A1,TimeLapse,3840x2160,60.0000,10,1920x1080,135,3402.238377,38.764309,45.514248,47.305681,24.100806,17.982825,84.639345,82.089173,37.658436,40.650426,38.699499,45.509187,47.280968,0.013782,,,,,,,be4c4c3ea70002880a27e5f20c5ffc3b,
AS,aom,av2,0,A1,TimeLapse,3840x2160,60.0000,10,1920x1080,160,1302.949358,36.715874,43.705433,45.361067,20.306141,15.356965,75.385621,72.711852,34.294599,38.751386,36.648086,43.699842,45.344187,0.019129,,,,,,,551b7b8fe4324964b091add1a124b3ee,
AS,aom,av2,0,A1,TimeLapse,3840x2160,60.0000,10,1920x1080,185,484.651349,34.348701,41.843033,43.266622,16.566051,12.658991,61.812108,59.051365,31.038986,36.597708,34.273085,41.834531,43.246582,0.023341,,,,,,,66b4ad78c82f930a7db39ac3f9e0e4c3,
AS,aom,av2,0,A1,TimeLapse,3840x2160,60.0000,10,1920x1080,210,172.243756,31.840507,39.803473,41.058870,12.868209,10.154359,44.453228,42.174441,28.023915,34.233727,31.756652,39.795147,41.032017,0.031187,,,,,,,2e2ab57fe46e76a2b762db5257f96de1,
AS,aom,av2,0,A1,TimeLapse,3840x2160,60.0000,10,1920x1080,235,64.119265,29.342080,37.500019,38.799490,9.669313,8.101064,28.706779,27.094568,25.291534,31.740653,29.249099,37.490343,38.769128,0.045716,,,,,,,827c3c4ce296eab6bcf79217bac98bb9,
AS,aom,av2,0,A1,TimeLapse,3840x2160,60.0000,10,1280x720,110,4299.815876,37.133001,45.222814,47.402214,25.216839,17.434732,80.152811,77.707212,36.013091,39.819159,37.047051,45.216160,47.388674,0.013373,,,,,,,419526a38b140139faa6028983be7c78,
AS,aom,av2,0,A1,TimeLapse,3840x2160,60.0000,10,1280x720,135,1789.854453,36.154673,43.905252,45.906786,21.858486,15.739281,73.574625,71.112798,34.152998,38.648766,36.076553,43.901007,45.893459,0.017915,,,,,,,6d90383c3db1efe62edfc08cf040ceeb,
AS,aom,av2,0,A1,TimeLapse,3840x2160,60.0000,10,1280x720,160,713.670330,34.611515,42.301383,44.068316,18.219614,13.518295,62.544211,60.179898,31.703039,37.025658,34.532987,42.297164,44.054959,0.020830,,,,,,,8f66d089b840256b6452521ad675133d,
AS,aom,av2,0,A1,TimeLapse,3840x2160,60.0000,10,1280x720,185,264.780143,32.583003,40.582235,42.242501,14.505928,11.101005,47.210821,45.203697,28.991659,35.074536,32.497867,40.574782,42.225813,0.025981,,,,,,,3cafe66633825e9ea6c4722f523b8a77,
AS,aom,av2,0,A1,TimeLapse,3840x2160,60.0000,10,1280x720,210,95.985246,30.325997,38.658234,40.015514,11.042290,8.930837,32.062716,30.433631,26.372990,32.885493,30.234651,38.647850,39.984258,0.043749,,,,,,,a7b6df08682102f3f47c84336f956e8a,
AS,aom,av2,0,A1,TimeLapse,3840x2160,60.0000,10,1280x720,235,36.793975,28.003984,36.543985,37.798322,8.252535,7.173993,19.734029,18.424956,23.912958,30.476053,27.914965,36.535743,37.735407,0.075420,,,,,,,2827184f472138f6f3fc640737ef4112,
AS,aom,av2,0,A1,TimeLapse,3840x2160,60.0000,10,960x540,110,2547.913625,34.638786,43.793131,46.177156,23.585829,14.834630,67.067308,64.566357,31.900235,37.938236,34.540501,43.786238,46.169279,0.015745,,,,,,,89a703c2441bfab2252cb421142d8755,
AS,aom,av2,0,A1,TimeLapse,3840x2160,60.0000,10,960x540,135,1098.282640,34.019813,42.648981,44.817745,20.328258,13.723128,60.126038,57.644778,30.960086,37.004999,33.929493,42.645048,44.809119,0.022010,,,,,,,fc51b910e6977da78ded7e71dd62849f,
AS,aom,av2,0,A1,TimeLapse,3840x2160,60.0000,10,960x540,160,451.719358,32.893597,41.269081,43.211437,16.710910,12.011265,48.853625,46.607717,29.406360,35.660725,32.806756,41.265302,43.202785,0.026435,,,,,,,000ac3e456c9bd6f2201196d4bb809a5,
AS,aom,av2,0,A1,TimeLapse,3840x2160,60.0000,10,960x540,185,170.122800,31.238716,39.641271,41.368841,13.096296,9.996505,34.918026,33.104039,27.378076,33.917859,31.148857,39.636532,41.354409,0.035428,,,,,,,a20c337195d3efdbc9394f667ceee64a,
AS,aom,av2,0,A1,TimeLapse,3840x2160,60.0000,10,960x540,210,63.953277,29.231395,37.759131,39.218983,9.897453,8.139620,23.014667,21.608326,25.164206,31.893469,29.136844,37.751828,39.183016,0.061293,,,,,,,c50cb4922bb3a9223cd5507c54b07f10,
AS,aom,av2,0,A1,TimeLapse,3840x2160,60.0000,10,960x540,235,25.720741,27.087828,36.069215,37.096397,7.381298,6.583608,13.297777,12.323710,22.992508,29.703350,27.004824,36.063333,37.030963,0.107294,,,,,,,9458ae1d1309151a35e101f93bf7fa7b,
AS,aom,av2,0,A1,TimeLapse,3840x2160,60.0000,10,640x360,110,1185.256590,32.048421,42.395835,44.793891,20.165637,12.080714,42.747820,40.628819,28.087668,35.838418,31.947977,42.390106,44.777839,0.018861,,,,,,,642286092da1c070f5d1c79767fbbe92,
AS,aom,av2,0,A1,TimeLapse,3840x2160,60.0000,10,640x360,135,544.134020,31.666526,41.371311,43.573051,17.596167,11.406081,36.683904,34.767571,27.641548,35.128942,31.572552,41.368095,43.558554,0.024589,,,,,,,e892f3b404bcf2f7937f74c693062f6b,
AS,aom,av2,0,A1,TimeLapse,3840x2160,60.0000,10,640x360,160,232.873588,30.861198,40.099646,42.061265,14.394729,10.188790,27.466752,25.882256,26.743963,33.998541,30.770884,40.096386,42.046589,0.028389,,,,,,,0965f9708ca6eec8318299f66014fe78,
AS,aom,av2,0,A1,TimeLapse,3840x2160,60.0000,10,640x360,185,91.046185,29.538543,38.605068,40.251527,11.119777,8.609550,17.882170,16.753726,25.360762,32.438043,29.444538,38.596356,40.226331,0.042407,,,,,,,877dc5174ceca12c14e180b196ec8044,
AS,aom,av2,0,A1,TimeLapse,3840x2160,60.0000,10,640x360,210,36.642742,27.835595,36.932395,38.535405,8.410284,7.141776,10.611496,9.811075,23.672855,30.597906,27.748835,36.925817,38.502329,0.105355,,,,,,,7be235145c2fe6659d6bdc59c83950d1,
AS,aom,av2,0,A1,TimeLapse,3840x2160,60.0000,10,640x360,235,16.082379,25.796682,35.059386,36.490226,6.294751,5.831543,3.786287,3.251478,21.723057,28.415808,25.716530,35.048434,36.436611,0.222945,,,,,,,6fe85db669e5852450aac0f23b107608,
